Suite/Test/Step Name,Browser,Description,Tag,Start time,End time,Duration,Status
TS_Token_API,,,,19-02-2026 18:07:04,19-02-2026 18:07:04,0.452s,ERROR
,,,,,,,
Test Cases/TC_Generate_Token,,,,19-02-2026 18:07:04,19-02-2026 18:07:04,0.011s,ERROR
"payload = [""grant_type"":""client_credentials"", ""client_id"":clientId, ""client_secret"":clientSecret, ""scope"":scope]",,,,19-02-2026 18:07:04,19-02-2026 18:07:04,0.000s,PASSED
gson = new com.google.gson.Gson(),,,,19-02-2026 18:07:04,19-02-2026 18:07:04,0.000s,PASSED
payloadJson = gson.toJson(payload),,,,19-02-2026 18:07:04,19-02-2026 18:07:04,0.000s,PASSED
aesKey = CryptoUtil.generateAESKey(),,,,19-02-2026 18:07:04,19-02-2026 18:07:04,0.000s,PASSED
"encryptedPayload = CryptoUtil.encryptAES(payloadJson, aesKey)",,,,19-02-2026 18:07:04,19-02-2026 18:07:04,0.000s,PASSED
"encryptedKey = CryptoUtil.encryptRSA(aesKey.getEncoded(), nsdlPublicKey)",,,,19-02-2026 18:07:04,19-02-2026 18:07:04,0.001s,ERROR
,,,,,,,
Test Cases/TC_Invalid_Client,,,,19-02-2026 18:07:04,19-02-2026 18:07:04,0.006s,ERROR
"verifyResponseStatusCode(response, 400)",,,,19-02-2026 18:07:04,19-02-2026 18:07:04,0.002s,ERROR
