{
  "testCases": [
    {
      "scenario": "Send a happy flow request and check the following Security Headers: [X-Frame-Options/Content-Security-Policy, Cache-Control, X-Content-Type-Options, X-XSS-Protection]",
      "result": "error",
      "resultReason": "Unexpected Exception",
      "id": "Test 1",
      "fuzzer": "CheckSecurityHeaders",
      "path": "/vft/transfer",
      "resultDetails": "Fuzzer [CheckSecurityHeadersFuzzer] failed due to [Cannot invoke \"java.util.List.stream()\" because \"this.headers\" is null]",
      "expectedResult": "Should return 2XX and all the above security headers within the response",
      "curl": "curl  -X POST \\\n      -H \"Accept: application/json\" -H \"Content-Type: application/json\" \\\n      -d '{\"Demat_Account_Number\":\"NTElydWuGoNNTElydWuGoNN\",\"Source_CSGL_No\":\"T2Te6GvvsNrlJOwD\",\"SecurityBlock\":[{\"SecurityType\":\"5uniraqfIuBax\",\"No_of_Units\":1.319336086128703,\"Transfer_face_value\":8.034447091128616,\"Transfer_Value\":8.081934928319129,\"Price\":7.3356049397641545,\"ISIN\":\"waXKb\"},{\"SecurityType\":\"jPXPiBIGNGP9Jx\",\"No_of_Units\":2.677674804854754,\"Transfer_face_value\":3.474006177882546,\"Transfer_Value\":1.9352480373767,\"Price\":8.807288930732716,\"ISIN\":\"lj515fUI\"}],\"Src_Account_Type\":\"1dKOpHcn1uqow12XzU\",\"RESEND_Flag\":\"KWjFJcRCiF028\",\"Transfer_Reason_code\":\"pF3ER2Z3Svtk3mqWIQYHO\",\"Business_Partner_id\":\"3n6oO1LIb8vGlsshUwdHYu\",\"Setup_date_time\":\"KMaMHNN4w3cvtAXlw\",\"First_Holder_PAN\":\"jZDw8lW49hBCxas2N\",\"Remarks\":\"qEc5C8uBSE6\",\"Number_of_Holders\":9,\"Target_CSGL_No\":\"LLLLLLLLLLLLLLLL\",\"RDG_Account\":\"UqwAGp8UXUUqwA\",\"TransferRequestID\":\"igNvEtjrfNizmjXPBQqvV\",\"Settlement_date\":\"dQl65mrQ9QsivQZ8oCS\"}' \\\n      https://your-api-base-url.com/vft/transfer\n",
      "timeToExecuteInSec": 0.377,
      "httpMethod": "post",
      "switchedResult": false,
      "response": "{\"notAJson\": \"no body due to unknown error\"}\n"
    },
    {
      "scenario": "Send [empty strings] in request fields: field [Demat_Account_Number], value [REPLACE with ], is required [FALSE]",
      "result": "error",
      "resultReason": "Unexpected behaviour: 999",
      "id": "Test 2",
      "fuzzer": "EmptyStringsInFields",
      "path": "/vft/transfer",
      "resultDetails": "Unexpected behaviour: expected [200, 201, 202, 204], actual [999]",
      "expectedResult": "Should return [2XX]",
      "curl": "curl  -X POST \\\n      -H \"Accept: application/json\" -H \"Content-Type: application/json\" \\\n      -d '{\"Demat_Account_Number\":\"\",\"Source_CSGL_No\":\"T2Te6GvvsNrlJOwD\",\"SecurityBlock\":[{\"SecurityType\":\"5uniraqfIuBax\",\"No_of_Units\":1.319336086128703,\"Transfer_face_value\":8.034447091128616,\"Transfer_Value\":8.081934928319129,\"Price\":7.3356049397641545,\"ISIN\":\"waXKb\"},{\"SecurityType\":\"jPXPiBIGNGP9Jx\",\"No_of_Units\":2.677674804854754,\"Transfer_face_value\":3.474006177882546,\"Transfer_Value\":1.9352480373767,\"Price\":8.807288930732716,\"ISIN\":\"lj515fUI\"}],\"Src_Account_Type\":\"1dKOpHcn1uqow12XzU\",\"RESEND_Flag\":\"KWjFJcRCiF028\",\"Transfer_Reason_code\":\"pF3ER2Z3Svtk3mqWIQYHO\",\"Business_Partner_id\":\"3n6oO1LIb8vGlsshUwdHYu\",\"Setup_date_time\":\"KMaMHNN4w3cvtAXlw\",\"First_Holder_PAN\":\"jZDw8lW49hBCxas2N\",\"Remarks\":\"qEc5C8uBSE6\",\"Number_of_Holders\":9,\"Target_CSGL_No\":\"LLLLLLLLLLLLLLLL\",\"RDG_Account\":\"UqwAGp8UXUUqwA\",\"TransferRequestID\":\"igNvEtjrfNizmjXPBQqvV\",\"Settlement_date\":\"dQl65mrQ9QsivQZ8oCS\"}' \\\n      https://your-api-base-url.com/vft/transfer\n",
      "timeToExecuteInSec": 0.0,
      "httpMethod": "post",
      "switchedResult": false,
      "response": "{\"notAJson\": \"no body due to unknown error\"}\n"
    },
    {
      "scenario": "Send [empty strings] in request fields: field [Source_CSGL_No], value [REPLACE with ], is required [FALSE]",
      "result": "error",
      "resultReason": "Unexpected behaviour: 999",
      "id": "Test 3",
      "fuzzer": "EmptyStringsInFields",
      "path": "/vft/transfer",
      "resultDetails": "Unexpected behaviour: expected [200, 201, 202, 204], actual [999]",
      "expectedResult": "Should return [2XX]",
      "curl": "curl  -X POST \\\n      -H \"Accept: application/json\" -H \"Content-Type: application/json\" \\\n      -d '{\"Demat_Account_Number\":\"NTElydWuGoNNTElydWuGoNN\",\"Source_CSGL_No\":\"\",\"SecurityBlock\":[{\"SecurityType\":\"5uniraqfIuBax\",\"No_of_Units\":1.319336086128703,\"Transfer_face_value\":8.034447091128616,\"Transfer_Value\":8.081934928319129,\"Price\":7.3356049397641545,\"ISIN\":\"waXKb\"},{\"SecurityType\":\"jPXPiBIGNGP9Jx\",\"No_of_Units\":2.677674804854754,\"Transfer_face_value\":3.474006177882546,\"Transfer_Value\":1.9352480373767,\"Price\":8.807288930732716,\"ISIN\":\"lj515fUI\"}],\"Src_Account_Type\":\"1dKOpHcn1uqow12XzU\",\"RESEND_Flag\":\"KWjFJcRCiF028\",\"Transfer_Reason_code\":\"pF3ER2Z3Svtk3mqWIQYHO\",\"Business_Partner_id\":\"3n6oO1LIb8vGlsshUwdHYu\",\"Setup_date_time\":\"KMaMHNN4w3cvtAXlw\",\"First_Holder_PAN\":\"jZDw8lW49hBCxas2N\",\"Remarks\":\"qEc5C8uBSE6\",\"Number_of_Holders\":9,\"Target_CSGL_No\":\"LLLLLLLLLLLLLLLL\",\"RDG_Account\":\"UqwAGp8UXUUqwA\",\"TransferRequestID\":\"igNvEtjrfNizmjXPBQqvV\",\"Settlement_date\":\"dQl65mrQ9QsivQZ8oCS\"}' \\\n      https://your-api-base-url.com/vft/transfer\n",
      "timeToExecuteInSec": 0.0,
      "httpMethod": "post",
      "switchedResult": false,
      "response": "{\"notAJson\": \"no body due to unknown error\"}\n"
    },
    {
      "scenario": "Send [empty strings] in request fields: field [Src_Account_Type], value [REPLACE with ], is required [FALSE]",
      "result": "error",
      "resultReason": "Unexpected behaviour: 999",
      "id": "Test 5",
      "fuzzer": "EmptyStringsInFields",
      "path": "/vft/transfer",
      "resultDetails": "Unexpected behaviour: expected [200, 201, 202, 204], actual [999]",
      "expectedResult": "Should return [2XX]",
      "curl": "curl  -X POST \\\n      -H \"Accept: application/json\" -H \"Content-Type: application/json\" \\\n      -d '{\"Demat_Account_Number\":\"NTElydWuGoNNTElydWuGoNN\",\"Source_CSGL_No\":\"T2Te6GvvsNrlJOwD\",\"SecurityBlock\":[{\"SecurityType\":\"5uniraqfIuBax\",\"No_of_Units\":1.319336086128703,\"Transfer_face_value\":8.034447091128616,\"Transfer_Value\":8.081934928319129,\"Price\":7.3356049397641545,\"ISIN\":\"waXKb\"},{\"SecurityType\":\"jPXPiBIGNGP9Jx\",\"No_of_Units\":2.677674804854754,\"Transfer_face_value\":3.474006177882546,\"Transfer_Value\":1.9352480373767,\"Price\":8.807288930732716,\"ISIN\":\"lj515fUI\"}],\"Src_Account_Type\":\"\",\"RESEND_Flag\":\"KWjFJcRCiF028\",\"Transfer_Reason_code\":\"pF3ER2Z3Svtk3mqWIQYHO\",\"Business_Partner_id\":\"3n6oO1LIb8vGlsshUwdHYu\",\"Setup_date_time\":\"KMaMHNN4w3cvtAXlw\",\"First_Holder_PAN\":\"jZDw8lW49hBCxas2N\",\"Remarks\":\"qEc5C8uBSE6\",\"Number_of_Holders\":9,\"Target_CSGL_No\":\"LLLLLLLLLLLLLLLL\",\"RDG_Account\":\"UqwAGp8UXUUqwA\",\"TransferRequestID\":\"igNvEtjrfNizmjXPBQqvV\",\"Settlement_date\":\"dQl65mrQ9QsivQZ8oCS\"}' \\\n      https://your-api-base-url.com/vft/transfer\n",
      "timeToExecuteInSec": 0.0,
      "httpMethod": "post",
      "switchedResult": false,
      "response": "{\"notAJson\": \"no body due to unknown error\"}\n"
    },
    {
      "scenario": "Send [empty strings] in request fields: field [RESEND_Flag], value [REPLACE with ], is required [FALSE]",
      "result": "error",
      "resultReason": "Unexpected behaviour: 999",
      "id": "Test 6",
      "fuzzer": "EmptyStringsInFields",
      "path": "/vft/transfer",
      "resultDetails": "Unexpected behaviour: expected [200, 201, 202, 204], actual [999]",
      "expectedResult": "Should return [2XX]",
      "curl": "curl  -X POST \\\n      -H \"Accept: application/json\" -H \"Content-Type: application/json\" \\\n      -d '{\"Demat_Account_Number\":\"NTElydWuGoNNTElydWuGoNN\",\"Source_CSGL_No\":\"T2Te6GvvsNrlJOwD\",\"SecurityBlock\":[{\"SecurityType\":\"5uniraqfIuBax\",\"No_of_Units\":1.319336086128703,\"Transfer_face_value\":8.034447091128616,\"Transfer_Value\":8.081934928319129,\"Price\":7.3356049397641545,\"ISIN\":\"waXKb\"},{\"SecurityType\":\"jPXPiBIGNGP9Jx\",\"No_of_Units\":2.677674804854754,\"Transfer_face_value\":3.474006177882546,\"Transfer_Value\":1.9352480373767,\"Price\":8.807288930732716,\"ISIN\":\"lj515fUI\"}],\"Src_Account_Type\":\"1dKOpHcn1uqow12XzU\",\"RESEND_Flag\":\"\",\"Transfer_Reason_code\":\"pF3ER2Z3Svtk3mqWIQYHO\",\"Business_Partner_id\":\"3n6oO1LIb8vGlsshUwdHYu\",\"Setup_date_time\":\"KMaMHNN4w3cvtAXlw\",\"First_Holder_PAN\":\"jZDw8lW49hBCxas2N\",\"Remarks\":\"qEc5C8uBSE6\",\"Number_of_Holders\":9,\"Target_CSGL_No\":\"LLLLLLLLLLLLLLLL\",\"RDG_Account\":\"UqwAGp8UXUUqwA\",\"TransferRequestID\":\"igNvEtjrfNizmjXPBQqvV\",\"Settlement_date\":\"dQl65mrQ9QsivQZ8oCS\"}' \\\n      https://your-api-base-url.com/vft/transfer\n",
      "timeToExecuteInSec": 0.0,
      "httpMethod": "post",
      "switchedResult": false,
      "response": "{\"notAJson\": \"no body due to unknown error\"}\n"
    },
    {
      "scenario": "Send [empty strings] in request fields: field [Transfer_Reason_code], value [REPLACE with ], is required [FALSE]",
      "result": "error",
      "resultReason": "Unexpected behaviour: 999",
      "id": "Test 7",
      "fuzzer": "EmptyStringsInFields",
      "path": "/vft/transfer",
      "resultDetails": "Unexpected behaviour: expected [200, 201, 202, 204], actual [999]",
      "expectedResult": "Should return [2XX]",
      "curl": "curl  -X POST \\\n      -H \"Accept: application/json\" -H \"Content-Type: application/json\" \\\n      -d '{\"Demat_Account_Number\":\"NTElydWuGoNNTElydWuGoNN\",\"Source_CSGL_No\":\"T2Te6GvvsNrlJOwD\",\"SecurityBlock\":[{\"SecurityType\":\"5uniraqfIuBax\",\"No_of_Units\":1.319336086128703,\"Transfer_face_value\":8.034447091128616,\"Transfer_Value\":8.081934928319129,\"Price\":7.3356049397641545,\"ISIN\":\"waXKb\"},{\"SecurityType\":\"jPXPiBIGNGP9Jx\",\"No_of_Units\":2.677674804854754,\"Transfer_face_value\":3.474006177882546,\"Transfer_Value\":1.9352480373767,\"Price\":8.807288930732716,\"ISIN\":\"lj515fUI\"}],\"Src_Account_Type\":\"1dKOpHcn1uqow12XzU\",\"RESEND_Flag\":\"KWjFJcRCiF028\",\"Transfer_Reason_code\":\"\",\"Business_Partner_id\":\"3n6oO1LIb8vGlsshUwdHYu\",\"Setup_date_time\":\"KMaMHNN4w3cvtAXlw\",\"First_Holder_PAN\":\"jZDw8lW49hBCxas2N\",\"Remarks\":\"qEc5C8uBSE6\",\"Number_of_Holders\":9,\"Target_CSGL_No\":\"LLLLLLLLLLLLLLLL\",\"RDG_Account\":\"UqwAGp8UXUUqwA\",\"TransferRequestID\":\"igNvEtjrfNizmjXPBQqvV\",\"Settlement_date\":\"dQl65mrQ9QsivQZ8oCS\"}' \\\n      https://your-api-base-url.com/vft/transfer\n",
      "timeToExecuteInSec": 0.0,
      "httpMethod": "post",
      "switchedResult": false,
      "response": "{\"notAJson\": \"no body due to unknown error\"}\n"
    },
    {
      "scenario": "Send [empty strings] in request fields: field [Business_Partner_id], value [REPLACE with ], is required [FALSE]",
      "result": "error",
      "resultReason": "Unexpected behaviour: 999",
      "id": "Test 8",
      "fuzzer": "EmptyStringsInFields",
      "path": "/vft/transfer",
      "resultDetails": "Unexpected behaviour: expected [200, 201, 202, 204], actual [999]",
      "expectedResult": "Should return [2XX]",
      "curl": "curl  -X POST \\\n      -H \"Accept: application/json\" -H \"Content-Type: application/json\" \\\n      -d '{\"Demat_Account_Number\":\"NTElydWuGoNNTElydWuGoNN\",\"Source_CSGL_No\":\"T2Te6GvvsNrlJOwD\",\"SecurityBlock\":[{\"SecurityType\":\"5uniraqfIuBax\",\"No_of_Units\":1.319336086128703,\"Transfer_face_value\":8.034447091128616,\"Transfer_Value\":8.081934928319129,\"Price\":7.3356049397641545,\"ISIN\":\"waXKb\"},{\"SecurityType\":\"jPXPiBIGNGP9Jx\",\"No_of_Units\":2.677674804854754,\"Transfer_face_value\":3.474006177882546,\"Transfer_Value\":1.9352480373767,\"Price\":8.807288930732716,\"ISIN\":\"lj515fUI\"}],\"Src_Account_Type\":\"1dKOpHcn1uqow12XzU\",\"RESEND_Flag\":\"KWjFJcRCiF028\",\"Transfer_Reason_code\":\"pF3ER2Z3Svtk3mqWIQYHO\",\"Business_Partner_id\":\"\",\"Setup_date_time\":\"KMaMHNN4w3cvtAXlw\",\"First_Holder_PAN\":\"jZDw8lW49hBCxas2N\",\"Remarks\":\"qEc5C8uBSE6\",\"Number_of_Holders\":9,\"Target_CSGL_No\":\"LLLLLLLLLLLLLLLL\",\"RDG_Account\":\"UqwAGp8UXUUqwA\",\"TransferRequestID\":\"igNvEtjrfNizmjXPBQqvV\",\"Settlement_date\":\"dQl65mrQ9QsivQZ8oCS\"}' \\\n      https://your-api-base-url.com/vft/transfer\n",
      "timeToExecuteInSec": 0.0,
      "httpMethod": "post",
      "switchedResult": false,
      "response": "{\"notAJson\": \"no body due to unknown error\"}\n"
    },
    {
      "scenario": "Send [empty strings] in request fields: field [Setup_date_time], value [REPLACE with ], is required [FALSE]",
      "result": "error",
      "resultReason": "Unexpected behaviour: 999",
      "id": "Test 9",
      "fuzzer": "EmptyStringsInFields",
      "path": "/vft/transfer",
      "resultDetails": "Unexpected behaviour: expected [200, 201, 202, 204], actual [999]",
      "expectedResult": "Should return [2XX]",
      "curl": "curl  -X POST \\\n      -H \"Accept: application/json\" -H \"Content-Type: application/json\" \\\n      -d '{\"Demat_Account_Number\":\"NTElydWuGoNNTElydWuGoNN\",\"Source_CSGL_No\":\"T2Te6GvvsNrlJOwD\",\"SecurityBlock\":[{\"SecurityType\":\"5uniraqfIuBax\",\"No_of_Units\":1.319336086128703,\"Transfer_face_value\":8.034447091128616,\"Transfer_Value\":8.081934928319129,\"Price\":7.3356049397641545,\"ISIN\":\"waXKb\"},{\"SecurityType\":\"jPXPiBIGNGP9Jx\",\"No_of_Units\":2.677674804854754,\"Transfer_face_value\":3.474006177882546,\"Transfer_Value\":1.9352480373767,\"Price\":8.807288930732716,\"ISIN\":\"lj515fUI\"}],\"Src_Account_Type\":\"1dKOpHcn1uqow12XzU\",\"RESEND_Flag\":\"KWjFJcRCiF028\",\"Transfer_Reason_code\":\"pF3ER2Z3Svtk3mqWIQYHO\",\"Business_Partner_id\":\"3n6oO1LIb8vGlsshUwdHYu\",\"Setup_date_time\":\"\",\"First_Holder_PAN\":\"jZDw8lW49hBCxas2N\",\"Remarks\":\"qEc5C8uBSE6\",\"Number_of_Holders\":9,\"Target_CSGL_No\":\"LLLLLLLLLLLLLLLL\",\"RDG_Account\":\"UqwAGp8UXUUqwA\",\"TransferRequestID\":\"igNvEtjrfNizmjXPBQqvV\",\"Settlement_date\":\"dQl65mrQ9QsivQZ8oCS\"}' \\\n      https://your-api-base-url.com/vft/transfer\n",
      "timeToExecuteInSec": 0.001,
      "httpMethod": "post",
      "switchedResult": false,
      "response": "{\"notAJson\": \"no body due to unknown error\"}\n"
    },
    {
      "scenario": "Send [empty strings] in request fields: field [Remarks], value [REPLACE with ], is required [FALSE]",
      "result": "error",
      "resultReason": "Unexpected behaviour: 999",
      "id": "Test 10",
      "fuzzer": "EmptyStringsInFields",
      "path": "/vft/transfer",
      "resultDetails": "Unexpected behaviour: expected [200, 201, 202, 204], actual [999]",
      "expectedResult": "Should return [2XX]",
      "curl": "curl  -X POST \\\n      -H \"Accept: application/json\" -H \"Content-Type: application/json\" \\\n      -d '{\"Demat_Account_Number\":\"NTElydWuGoNNTElydWuGoNN\",\"Source_CSGL_No\":\"T2Te6GvvsNrlJOwD\",\"SecurityBlock\":[{\"SecurityType\":\"5uniraqfIuBax\",\"No_of_Units\":1.319336086128703,\"Transfer_face_value\":8.034447091128616,\"Transfer_Value\":8.081934928319129,\"Price\":7.3356049397641545,\"ISIN\":\"waXKb\"},{\"SecurityType\":\"jPXPiBIGNGP9Jx\",\"No_of_Units\":2.677674804854754,\"Transfer_face_value\":3.474006177882546,\"Transfer_Value\":1.9352480373767,\"Price\":8.807288930732716,\"ISIN\":\"lj515fUI\"}],\"Src_Account_Type\":\"1dKOpHcn1uqow12XzU\",\"RESEND_Flag\":\"KWjFJcRCiF028\",\"Transfer_Reason_code\":\"pF3ER2Z3Svtk3mqWIQYHO\",\"Business_Partner_id\":\"3n6oO1LIb8vGlsshUwdHYu\",\"Setup_date_time\":\"KMaMHNN4w3cvtAXlw\",\"First_Holder_PAN\":\"jZDw8lW49hBCxas2N\",\"Remarks\":\"\",\"Number_of_Holders\":9,\"Target_CSGL_No\":\"LLLLLLLLLLLLLLLL\",\"RDG_Account\":\"UqwAGp8UXUUqwA\",\"TransferRequestID\":\"igNvEtjrfNizmjXPBQqvV\",\"Settlement_date\":\"dQl65mrQ9QsivQZ8oCS\"}' \\\n      https://your-api-base-url.com/vft/transfer\n",
      "timeToExecuteInSec": 0.0,
      "httpMethod": "post",
      "switchedResult": false,
      "response": "{\"notAJson\": \"no body due to unknown error\"}\n"
    },
    {
      "scenario": "Send [empty strings] in request fields: field [First_Holder_PAN], value [REPLACE with ], is required [FALSE]",
      "result": "error",
      "resultReason": "Unexpected behaviour: 999",
      "id": "Test 11",
      "fuzzer": "EmptyStringsInFields",
      "path": "/vft/transfer",
      "resultDetails": "Unexpected behaviour: expected [200, 201, 202, 204], actual [999]",
      "expectedResult": "Should return [2XX]",
      "curl": "curl  -X POST \\\n      -H \"Accept: application/json\" -H \"Content-Type: application/json\" \\\n      -d '{\"Demat_Account_Number\":\"NTElydWuGoNNTElydWuGoNN\",\"Source_CSGL_No\":\"T2Te6GvvsNrlJOwD\",\"SecurityBlock\":[{\"SecurityType\":\"5uniraqfIuBax\",\"No_of_Units\":1.319336086128703,\"Transfer_face_value\":8.034447091128616,\"Transfer_Value\":8.081934928319129,\"Price\":7.3356049397641545,\"ISIN\":\"waXKb\"},{\"SecurityType\":\"jPXPiBIGNGP9Jx\",\"No_of_Units\":2.677674804854754,\"Transfer_face_value\":3.474006177882546,\"Transfer_Value\":1.9352480373767,\"Price\":8.807288930732716,\"ISIN\":\"lj515fUI\"}],\"Src_Account_Type\":\"1dKOpHcn1uqow12XzU\",\"RESEND_Flag\":\"KWjFJcRCiF028\",\"Transfer_Reason_code\":\"pF3ER2Z3Svtk3mqWIQYHO\",\"Business_Partner_id\":\"3n6oO1LIb8vGlsshUwdHYu\",\"Setup_date_time\":\"KMaMHNN4w3cvtAXlw\",\"First_Holder_PAN\":\"\",\"Remarks\":\"qEc5C8uBSE6\",\"Number_of_Holders\":9,\"Target_CSGL_No\":\"LLLLLLLLLLLLLLLL\",\"RDG_Account\":\"UqwAGp8UXUUqwA\",\"TransferRequestID\":\"igNvEtjrfNizmjXPBQqvV\",\"Settlement_date\":\"dQl65mrQ9QsivQZ8oCS\"}' \\\n      https://your-api-base-url.com/vft/transfer\n",
      "timeToExecuteInSec": 0.0,
      "httpMethod": "post",
      "switchedResult": false,
      "response": "{\"notAJson\": \"no body due to unknown error\"}\n"
    },
    {
      "scenario": "Send [empty strings] in request fields: field [Number_of_Holders], value [REPLACE with ], is required [FALSE]",
      "result": "error",
      "resultReason": "Unexpected behaviour: 999",
      "id": "Test 12",
      "fuzzer": "EmptyStringsInFields",
      "path": "/vft/transfer",
      "resultDetails": "Unexpected behaviour: expected [200, 201, 202, 204], actual [999]",
      "expectedResult": "Should return [2XX]",
      "curl": "curl  -X POST \\\n      -H \"Accept: application/json\" -H \"Content-Type: application/json\" \\\n      -d '{\"Demat_Account_Number\":\"NTElydWuGoNNTElydWuGoNN\",\"Source_CSGL_No\":\"T2Te6GvvsNrlJOwD\",\"SecurityBlock\":[{\"SecurityType\":\"5uniraqfIuBax\",\"No_of_Units\":1.319336086128703,\"Transfer_face_value\":8.034447091128616,\"Transfer_Value\":8.081934928319129,\"Price\":7.3356049397641545,\"ISIN\":\"waXKb\"},{\"SecurityType\":\"jPXPiBIGNGP9Jx\",\"No_of_Units\":2.677674804854754,\"Transfer_face_value\":3.474006177882546,\"Transfer_Value\":1.9352480373767,\"Price\":8.807288930732716,\"ISIN\":\"lj515fUI\"}],\"Src_Account_Type\":\"1dKOpHcn1uqow12XzU\",\"RESEND_Flag\":\"KWjFJcRCiF028\",\"Transfer_Reason_code\":\"pF3ER2Z3Svtk3mqWIQYHO\",\"Business_Partner_id\":\"3n6oO1LIb8vGlsshUwdHYu\",\"Setup_date_time\":\"KMaMHNN4w3cvtAXlw\",\"First_Holder_PAN\":\"jZDw8lW49hBCxas2N\",\"Remarks\":\"qEc5C8uBSE6\",\"Number_of_Holders\":\"\",\"Target_CSGL_No\":\"LLLLLLLLLLLLLLLL\",\"RDG_Account\":\"UqwAGp8UXUUqwA\",\"TransferRequestID\":\"igNvEtjrfNizmjXPBQqvV\",\"Settlement_date\":\"dQl65mrQ9QsivQZ8oCS\"}' \\\n      https://your-api-base-url.com/vft/transfer\n",
      "timeToExecuteInSec": 0.0,
      "httpMethod": "post",
      "switchedResult": false,
      "response": "{\"notAJson\": \"no body due to unknown error\"}\n"
    },
    {
      "scenario": "Send [empty strings] in request fields: field [RDG_Account], value [REPLACE with ], is required [FALSE]",
      "result": "error",
      "resultReason": "Unexpected behaviour: 999",
      "id": "Test 13",
      "fuzzer": "EmptyStringsInFields",
      "path": "/vft/transfer",
      "resultDetails": "Unexpected behaviour: expected [200, 201, 202, 204], actual [999]",
      "expectedResult": "Should return [2XX]",
      "curl": "curl  -X POST \\\n      -H \"Accept: application/json\" -H \"Content-Type: application/json\" \\\n      -d '{\"Demat_Account_Number\":\"NTElydWuGoNNTElydWuGoNN\",\"Source_CSGL_No\":\"T2Te6GvvsNrlJOwD\",\"SecurityBlock\":[{\"SecurityType\":\"5uniraqfIuBax\",\"No_of_Units\":1.319336086128703,\"Transfer_face_value\":8.034447091128616,\"Transfer_Value\":8.081934928319129,\"Price\":7.3356049397641545,\"ISIN\":\"waXKb\"},{\"SecurityType\":\"jPXPiBIGNGP9Jx\",\"No_of_Units\":2.677674804854754,\"Transfer_face_value\":3.474006177882546,\"Transfer_Value\":1.9352480373767,\"Price\":8.807288930732716,\"ISIN\":\"lj515fUI\"}],\"Src_Account_Type\":\"1dKOpHcn1uqow12XzU\",\"RESEND_Flag\":\"KWjFJcRCiF028\",\"Transfer_Reason_code\":\"pF3ER2Z3Svtk3mqWIQYHO\",\"Business_Partner_id\":\"3n6oO1LIb8vGlsshUwdHYu\",\"Setup_date_time\":\"KMaMHNN4w3cvtAXlw\",\"First_Holder_PAN\":\"jZDw8lW49hBCxas2N\",\"Remarks\":\"qEc5C8uBSE6\",\"Number_of_Holders\":9,\"Target_CSGL_No\":\"LLLLLLLLLLLLLLLL\",\"RDG_Account\":\"\",\"TransferRequestID\":\"igNvEtjrfNizmjXPBQqvV\",\"Settlement_date\":\"dQl65mrQ9QsivQZ8oCS\"}' \\\n      https://your-api-base-url.com/vft/transfer\n",
      "timeToExecuteInSec": 0.0,
      "httpMethod": "post",
      "switchedResult": false,
      "response": "{\"notAJson\": \"no body due to unknown error\"}\n"
    },
    {
      "scenario": "Send [empty strings] in request fields: field [Target_CSGL_No], value [REPLACE with ], is required [FALSE]",
      "result": "error",
      "resultReason": "Unexpected behaviour: 999",
      "id": "Test 14",
      "fuzzer": "EmptyStringsInFields",
      "path": "/vft/transfer",
      "resultDetails": "Unexpected behaviour: expected [200, 201, 202, 204], actual [999]",
      "expectedResult": "Should return [2XX]",
      "curl": "curl  -X POST \\\n      -H \"Accept: application/json\" -H \"Content-Type: application/json\" \\\n      -d '{\"Demat_Account_Number\":\"NTElydWuGoNNTElydWuGoNN\",\"Source_CSGL_No\":\"T2Te6GvvsNrlJOwD\",\"SecurityBlock\":[{\"SecurityType\":\"5uniraqfIuBax\",\"No_of_Units\":1.319336086128703,\"Transfer_face_value\":8.034447091128616,\"Transfer_Value\":8.081934928319129,\"Price\":7.3356049397641545,\"ISIN\":\"waXKb\"},{\"SecurityType\":\"jPXPiBIGNGP9Jx\",\"No_of_Units\":2.677674804854754,\"Transfer_face_value\":3.474006177882546,\"Transfer_Value\":1.9352480373767,\"Price\":8.807288930732716,\"ISIN\":\"lj515fUI\"}],\"Src_Account_Type\":\"1dKOpHcn1uqow12XzU\",\"RESEND_Flag\":\"KWjFJcRCiF028\",\"Transfer_Reason_code\":\"pF3ER2Z3Svtk3mqWIQYHO\",\"Business_Partner_id\":\"3n6oO1LIb8vGlsshUwdHYu\",\"Setup_date_time\":\"KMaMHNN4w3cvtAXlw\",\"First_Holder_PAN\":\"jZDw8lW49hBCxas2N\",\"Remarks\":\"qEc5C8uBSE6\",\"Number_of_Holders\":9,\"Target_CSGL_No\":\"\",\"RDG_Account\":\"UqwAGp8UXUUqwA\",\"TransferRequestID\":\"igNvEtjrfNizmjXPBQqvV\",\"Settlement_date\":\"dQl65mrQ9QsivQZ8oCS\"}' \\\n      https://your-api-base-url.com/vft/transfer\n",
      "timeToExecuteInSec": 0.0,
      "httpMethod": "post",
      "switchedResult": false,
      "response": "{\"notAJson\": \"no body due to unknown error\"}\n"
    },
    {
      "scenario": "Send [empty strings] in request fields: field [TransferRequestID], value [REPLACE with ], is required [FALSE]",
      "result": "error",
      "resultReason": "Unexpected behaviour: 999",
      "id": "Test 15",
      "fuzzer": "EmptyStringsInFields",
      "path": "/vft/transfer",
      "resultDetails": "Unexpected behaviour: expected [200, 201, 202, 204], actual [999]",
      "expectedResult": "Should return [2XX]",
      "curl": "curl  -X POST \\\n      -H \"Accept: application/json\" -H \"Content-Type: application/json\" \\\n      -d '{\"Demat_Account_Number\":\"NTElydWuGoNNTElydWuGoNN\",\"Source_CSGL_No\":\"T2Te6GvvsNrlJOwD\",\"SecurityBlock\":[{\"SecurityType\":\"5uniraqfIuBax\",\"No_of_Units\":1.319336086128703,\"Transfer_face_value\":8.034447091128616,\"Transfer_Value\":8.081934928319129,\"Price\":7.3356049397641545,\"ISIN\":\"waXKb\"},{\"SecurityType\":\"jPXPiBIGNGP9Jx\",\"No_of_Units\":2.677674804854754,\"Transfer_face_value\":3.474006177882546,\"Transfer_Value\":1.9352480373767,\"Price\":8.807288930732716,\"ISIN\":\"lj515fUI\"}],\"Src_Account_Type\":\"1dKOpHcn1uqow12XzU\",\"RESEND_Flag\":\"KWjFJcRCiF028\",\"Transfer_Reason_code\":\"pF3ER2Z3Svtk3mqWIQYHO\",\"Business_Partner_id\":\"3n6oO1LIb8vGlsshUwdHYu\",\"Setup_date_time\":\"KMaMHNN4w3cvtAXlw\",\"First_Holder_PAN\":\"jZDw8lW49hBCxas2N\",\"Remarks\":\"qEc5C8uBSE6\",\"Number_of_Holders\":9,\"Target_CSGL_No\":\"LLLLLLLLLLLLLLLL\",\"RDG_Account\":\"UqwAGp8UXUUqwA\",\"TransferRequestID\":\"\",\"Settlement_date\":\"dQl65mrQ9QsivQZ8oCS\"}' \\\n      https://your-api-base-url.com/vft/transfer\n",
      "timeToExecuteInSec": 0.0,
      "httpMethod": "post",
      "switchedResult": false,
      "response": "{\"notAJson\": \"no body due to unknown error\"}\n"
    },
    {
      "scenario": "Send [empty strings] in request fields: field [Settlement_date], value [REPLACE with ], is required [FALSE]",
      "result": "error",
      "resultReason": "Unexpected behaviour: 999",
      "id": "Test 16",
      "fuzzer": "EmptyStringsInFields",
      "path": "/vft/transfer",
      "resultDetails": "Unexpected behaviour: expected [200, 201, 202, 204], actual [999]",
      "expectedResult": "Should return [2XX]",
      "curl": "curl  -X POST \\\n      -H \"Accept: application/json\" -H \"Content-Type: application/json\" \\\n      -d '{\"Demat_Account_Number\":\"NTElydWuGoNNTElydWuGoNN\",\"Source_CSGL_No\":\"T2Te6GvvsNrlJOwD\",\"SecurityBlock\":[{\"SecurityType\":\"5uniraqfIuBax\",\"No_of_Units\":1.319336086128703,\"Transfer_face_value\":8.034447091128616,\"Transfer_Value\":8.081934928319129,\"Price\":7.3356049397641545,\"ISIN\":\"waXKb\"},{\"SecurityType\":\"jPXPiBIGNGP9Jx\",\"No_of_Units\":2.677674804854754,\"Transfer_face_value\":3.474006177882546,\"Transfer_Value\":1.9352480373767,\"Price\":8.807288930732716,\"ISIN\":\"lj515fUI\"}],\"Src_Account_Type\":\"1dKOpHcn1uqow12XzU\",\"RESEND_Flag\":\"KWjFJcRCiF028\",\"Transfer_Reason_code\":\"pF3ER2Z3Svtk3mqWIQYHO\",\"Business_Partner_id\":\"3n6oO1LIb8vGlsshUwdHYu\",\"Setup_date_time\":\"KMaMHNN4w3cvtAXlw\",\"First_Holder_PAN\":\"jZDw8lW49hBCxas2N\",\"Remarks\":\"qEc5C8uBSE6\",\"Number_of_Holders\":9,\"Target_CSGL_No\":\"LLLLLLLLLLLLLLLL\",\"RDG_Account\":\"UqwAGp8UXUUqwA\",\"TransferRequestID\":\"igNvEtjrfNizmjXPBQqvV\",\"Settlement_date\":\"\"}' \\\n      https://your-api-base-url.com/vft/transfer\n",
      "timeToExecuteInSec": 0.0,
      "httpMethod": "post",
      "switchedResult": false,
      "response": "{\"notAJson\": \"no body due to unknown error\"}\n"
    },
    {
      "scenario": "Send a request for every unique example",
      "result": "error",
      "resultReason": "Unexpected behaviour: 999",
      "id": "Test 17",
      "fuzzer": "ExamplesFields",
      "path": "/vft/transfer",
      "resultDetails": "Unexpected behaviour: expected [200, 201, 202, 204], actual [999]",
      "expectedResult": "Should return 2XX",
      "curl": "curl  -X POST \\\n      -H \"Accept: application/json\" -H \"Content-Type: application/json\" \\\n      -d '{\"Demat_Account_Number\":\"NTElydWuGoNNTElydWuGoNN\",\"Source_CSGL_No\":\"T2Te6GvvsNrlJOwD\",\"SecurityBlock\":[{\"SecurityType\":\"5uniraqfIuBax\",\"No_of_Units\":1.319336086128703,\"Transfer_face_value\":8.034447091128616,\"Transfer_Value\":8.081934928319129,\"Price\":7.3356049397641545,\"ISIN\":\"waXKb\"},{\"SecurityType\":\"jPXPiBIGNGP9Jx\",\"No_of_Units\":2.677674804854754,\"Transfer_face_value\":3.474006177882546,\"Transfer_Value\":1.9352480373767,\"Price\":8.807288930732716,\"ISIN\":\"lj515fUI\"}],\"Src_Account_Type\":\"1dKOpHcn1uqow12XzU\",\"RESEND_Flag\":\"KWjFJcRCiF028\",\"Transfer_Reason_code\":\"pF3ER2Z3Svtk3mqWIQYHO\",\"Business_Partner_id\":\"3n6oO1LIb8vGlsshUwdHYu\",\"Setup_date_time\":\"KMaMHNN4w3cvtAXlw\",\"First_Holder_PAN\":\"jZDw8lW49hBCxas2N\",\"Remarks\":\"qEc5C8uBSE6\",\"Number_of_Holders\":\"9\",\"Target_CSGL_No\":\"LLLLLLLLLLLLLLLL\",\"RDG_Account\":\"UqwAGp8UXUUqwA\",\"TransferRequestID\":\"igNvEtjrfNizmjXPBQqvV\",\"Settlement_date\":\"dQl65mrQ9QsivQZ8oCS\"}' \\\n      https://your-api-base-url.com/vft/transfer\n",
      "timeToExecuteInSec": 0.0,
      "httpMethod": "post",
      "switchedResult": false,
      "response": "{\"notAJson\": \"no body due to unknown error\"}\n"
    },
    {
      "scenario": "Send a 'happy' flow request with all fields and all headers",
      "result": "error",
      "resultReason": "Unexpected behaviour: 999",
      "id": "Test 18",
      "fuzzer": "HappyPath",
      "path": "/vft/transfer",
      "resultDetails": "Unexpected behaviour: expected [200, 201, 202, 204], actual [999]",
      "expectedResult": "Should return 2XX",
      "curl": "curl  -X POST \\\n      -H \"Accept: application/json\" -H \"Content-Type: application/json\" \\\n      -d '{\"Demat_Account_Number\":\"NTElydWuGoNNTElydWuGoNN\",\"Source_CSGL_No\":\"T2Te6GvvsNrlJOwD\",\"SecurityBlock\":[{\"SecurityType\":\"5uniraqfIuBax\",\"No_of_Units\":1.319336086128703,\"Transfer_face_value\":8.034447091128616,\"Transfer_Value\":8.081934928319129,\"Price\":7.3356049397641545,\"ISIN\":\"waXKb\"},{\"SecurityType\":\"jPXPiBIGNGP9Jx\",\"No_of_Units\":2.677674804854754,\"Transfer_face_value\":3.474006177882546,\"Transfer_Value\":1.9352480373767,\"Price\":8.807288930732716,\"ISIN\":\"lj515fUI\"}],\"Src_Account_Type\":\"1dKOpHcn1uqow12XzU\",\"RESEND_Flag\":\"KWjFJcRCiF028\",\"Transfer_Reason_code\":\"pF3ER2Z3Svtk3mqWIQYHO\",\"Business_Partner_id\":\"3n6oO1LIb8vGlsshUwdHYu\",\"Setup_date_time\":\"KMaMHNN4w3cvtAXlw\",\"First_Holder_PAN\":\"jZDw8lW49hBCxas2N\",\"Remarks\":\"qEc5C8uBSE6\",\"Number_of_Holders\":9,\"Target_CSGL_No\":\"LLLLLLLLLLLLLLLL\",\"RDG_Account\":\"UqwAGp8UXUUqwA\",\"TransferRequestID\":\"igNvEtjrfNizmjXPBQqvV\",\"Settlement_date\":\"dQl65mrQ9QsivQZ8oCS\"}' \\\n      https://your-api-base-url.com/vft/transfer\n",
      "timeToExecuteInSec": 0.0,
      "httpMethod": "post",
      "switchedResult": false,
      "response": "{\"notAJson\": \"no body due to unknown error\"}\n"
    },
    {
      "scenario": "Send [outside the boundary values] in request fields: field [Number_of_Holders], value [REPLACE with -9223372036854775808], is required [FALSE]",
      "result": "error",
      "resultReason": "Unexpected behaviour: 999",
      "id": "Test 19",
      "fuzzer": "IntegerFieldsLeftBoundary",
      "path": "/vft/transfer",
      "resultDetails": "Unexpected behaviour: expected [400, 413, 414, 422, 431], actual [999]",
      "expectedResult": "Should return [4XX]",
      "curl": "curl  -X POST \\\n      -H \"Accept: application/json\" -H \"Content-Type: application/json\" \\\n      -d '{\"Demat_Account_Number\":\"NTElydWuGoNNTElydWuGoNN\",\"Source_CSGL_No\":\"T2Te6GvvsNrlJOwD\",\"SecurityBlock\":[{\"SecurityType\":\"5uniraqfIuBax\",\"No_of_Units\":1.319336086128703,\"Transfer_face_value\":8.034447091128616,\"Transfer_Value\":8.081934928319129,\"Price\":7.3356049397641545,\"ISIN\":\"waXKb\"},{\"SecurityType\":\"jPXPiBIGNGP9Jx\",\"No_of_Units\":2.677674804854754,\"Transfer_face_value\":3.474006177882546,\"Transfer_Value\":1.9352480373767,\"Price\":8.807288930732716,\"ISIN\":\"lj515fUI\"}],\"Src_Account_Type\":\"1dKOpHcn1uqow12XzU\",\"RESEND_Flag\":\"KWjFJcRCiF028\",\"Transfer_Reason_code\":\"pF3ER2Z3Svtk3mqWIQYHO\",\"Business_Partner_id\":\"3n6oO1LIb8vGlsshUwdHYu\",\"Setup_date_time\":\"KMaMHNN4w3cvtAXlw\",\"First_Holder_PAN\":\"jZDw8lW49hBCxas2N\",\"Remarks\":\"qEc5C8uBSE6\",\"Number_of_Holders\":-9223372036854775808,\"Target_CSGL_No\":\"LLLLLLLLLLLLLLLL\",\"RDG_Account\":\"UqwAGp8UXUUqwA\",\"TransferRequestID\":\"igNvEtjrfNizmjXPBQqvV\",\"Settlement_date\":\"dQl65mrQ9QsivQZ8oCS\"}' \\\n      https://your-api-base-url.com/vft/transfer\n",
      "timeToExecuteInSec": 0.0,
      "httpMethod": "post",
      "switchedResult": false,
      "response": "{\"notAJson\": \"no body due to unknown error\"}\n"
    },
    {
      "scenario": "Send [outside the boundary values] in request fields: field [Number_of_Holders], value [REPLACE with 9223372036854775807], is required [FALSE]",
      "result": "error",
      "resultReason": "Unexpected behaviour: 999",
      "id": "Test 20",
      "fuzzer": "IntegerFieldsRightBoundary",
      "path": "/vft/transfer",
      "resultDetails": "Unexpected behaviour: expected [400, 413, 414, 422, 431], actual [999]",
      "expectedResult": "Should return [4XX]",
      "curl": "curl  -X POST \\\n      -H \"Accept: application/json\" -H \"Content-Type: application/json\" \\\n      -d '{\"Demat_Account_Number\":\"NTElydWuGoNNTElydWuGoNN\",\"Source_CSGL_No\":\"T2Te6GvvsNrlJOwD\",\"SecurityBlock\":[{\"SecurityType\":\"5uniraqfIuBax\",\"No_of_Units\":1.319336086128703,\"Transfer_face_value\":8.034447091128616,\"Transfer_Value\":8.081934928319129,\"Price\":7.3356049397641545,\"ISIN\":\"waXKb\"},{\"SecurityType\":\"jPXPiBIGNGP9Jx\",\"No_of_Units\":2.677674804854754,\"Transfer_face_value\":3.474006177882546,\"Transfer_Value\":1.9352480373767,\"Price\":8.807288930732716,\"ISIN\":\"lj515fUI\"}],\"Src_Account_Type\":\"1dKOpHcn1uqow12XzU\",\"RESEND_Flag\":\"KWjFJcRCiF028\",\"Transfer_Reason_code\":\"pF3ER2Z3Svtk3mqWIQYHO\",\"Business_Partner_id\":\"3n6oO1LIb8vGlsshUwdHYu\",\"Setup_date_time\":\"KMaMHNN4w3cvtAXlw\",\"First_Holder_PAN\":\"jZDw8lW49hBCxas2N\",\"Remarks\":\"qEc5C8uBSE6\",\"Number_of_Holders\":9223372036854775807,\"Target_CSGL_No\":\"LLLLLLLLLLLLLLLL\",\"RDG_Account\":\"UqwAGp8UXUUqwA\",\"TransferRequestID\":\"igNvEtjrfNizmjXPBQqvV\",\"Settlement_date\":\"dQl65mrQ9QsivQZ8oCS\"}' \\\n      https://your-api-base-url.com/vft/transfer\n",
      "timeToExecuteInSec": 0.0,
      "httpMethod": "post",
      "switchedResult": false,
      "response": "{\"notAJson\": \"no body due to unknown error\"}\n"
    },
    {
      "scenario": "Send a malformed JSON which has the string 'bla' at the end",
      "result": "error",
      "resultReason": "Unexpected behaviour: 999",
      "id": "Test 21",
      "fuzzer": "MalformedJson",
      "path": "/vft/transfer",
      "resultDetails": "Unexpected behaviour: expected [400, 413, 414, 422, 431], actual [999]",
      "expectedResult": "Should return 4XX",
      "curl": "curl  -X POST \\\n      -H \"Accept: application/json\" -H \"Content-Type: application/json\" \\\n      -d '{\"Demat_Account_Number\":\"NTElydWuGoNNTElydWuGoNN\",\"Source_CSGL_No\":\"T2Te6GvvsNrlJOwD\",\"SecurityBlock\":[{\"SecurityType\":\"5uniraqfIuBax\",\"No_of_Units\":1.319336086128703,\"Transfer_face_value\":8.034447091128616,\"Transfer_Value\":8.081934928319129,\"Price\":7.3356049397641545,\"ISIN\":\"waXKb\"},{\"SecurityType\":\"jPXPiBIGNGP9Jx\",\"No_of_Units\":2.677674804854754,\"Transfer_face_value\":3.474006177882546,\"Transfer_Value\":1.9352480373767,\"Price\":8.807288930732716,\"ISIN\":\"lj515fUI\"}],\"Src_Account_Type\":\"1dKOpHcn1uqow12XzU\",\"RESEND_Flag\":\"KWjFJcRCiF028\",\"Transfer_Reason_code\":\"pF3ER2Z3Svtk3mqWIQYHO\",\"Business_Partner_id\":\"3n6oO1LIb8vGlsshUwdHYu\",\"Setup_date_time\":\"KMaMHNN4w3cvtAXlw\",\"First_Holder_PAN\":\"jZDw8lW49hBCxas2N\",\"Remarks\":\"qEc5C8uBSE6\",\"Number_of_Holders\":9,\"Target_CSGL_No\":\"LLLLLLLLLLLLLLLL\",\"RDG_Account\":\"UqwAGp8UXUUqwA\",\"TransferRequestID\":\"igNvEtjrfNizmjXPBQqvV\",\"Settlement_date\":\"dQl65mrQ9QsivQZ8oCS\"}bla' \\\n      https://your-api-base-url.com/vft/transfer\n",
      "timeToExecuteInSec": 0.0,
      "httpMethod": "post",
      "switchedResult": false,
      "response": "{\"notAJson\": \"no body due to unknown error\"}\n"
    },
    {
      "scenario": "Send [NULL values] in request fields: field [Demat_Account_Number], value [REPLACE], is required [FALSE]",
      "result": "error",
      "resultReason": "Unexpected behaviour: 999",
      "id": "Test 22",
      "fuzzer": "NullValuesInFields",
      "path": "/vft/transfer",
      "resultDetails": "Unexpected behaviour: expected [200, 201, 202, 204], actual [999]",
      "expectedResult": "Should return [2XX]",
      "curl": "curl  -X POST \\\n      -H \"Accept: application/json\" -H \"Content-Type: application/json\" \\\n      -d '{\"Source_CSGL_No\":\"T2Te6GvvsNrlJOwD\",\"SecurityBlock\":[{\"SecurityType\":\"5uniraqfIuBax\",\"No_of_Units\":1.319336086128703,\"Transfer_face_value\":8.034447091128616,\"Transfer_Value\":8.081934928319129,\"Price\":7.3356049397641545,\"ISIN\":\"waXKb\"},{\"SecurityType\":\"jPXPiBIGNGP9Jx\",\"No_of_Units\":2.677674804854754,\"Transfer_face_value\":3.474006177882546,\"Transfer_Value\":1.9352480373767,\"Price\":8.807288930732716,\"ISIN\":\"lj515fUI\"}],\"Src_Account_Type\":\"1dKOpHcn1uqow12XzU\",\"RESEND_Flag\":\"KWjFJcRCiF028\",\"Transfer_Reason_code\":\"pF3ER2Z3Svtk3mqWIQYHO\",\"Business_Partner_id\":\"3n6oO1LIb8vGlsshUwdHYu\",\"Setup_date_time\":\"KMaMHNN4w3cvtAXlw\",\"First_Holder_PAN\":\"jZDw8lW49hBCxas2N\",\"Remarks\":\"qEc5C8uBSE6\",\"Number_of_Holders\":9,\"Target_CSGL_No\":\"LLLLLLLLLLLLLLLL\",\"RDG_Account\":\"UqwAGp8UXUUqwA\",\"TransferRequestID\":\"igNvEtjrfNizmjXPBQqvV\",\"Settlement_date\":\"dQl65mrQ9QsivQZ8oCS\"}' \\\n      https://your-api-base-url.com/vft/transfer\n",
      "timeToExecuteInSec": 0.0,
      "httpMethod": "post",
      "switchedResult": false,
      "response": "{\"notAJson\": \"no body due to unknown error\"}\n"
    },
    {
      "scenario": "Send [NULL values] in request fields: field [Source_CSGL_No], value [REPLACE], is required [FALSE]",
      "result": "error",
      "resultReason": "Unexpected behaviour: 999",
      "id": "Test 23",
      "fuzzer": "NullValuesInFields",
      "path": "/vft/transfer",
      "resultDetails": "Unexpected behaviour: expected [200, 201, 202, 204], actual [999]",
      "expectedResult": "Should return [2XX]",
      "curl": "curl  -X POST \\\n      -H \"Accept: application/json\" -H \"Content-Type: application/json\" \\\n      -d '{\"Demat_Account_Number\":\"NTElydWuGoNNTElydWuGoNN\",\"SecurityBlock\":[{\"SecurityType\":\"5uniraqfIuBax\",\"No_of_Units\":1.319336086128703,\"Transfer_face_value\":8.034447091128616,\"Transfer_Value\":8.081934928319129,\"Price\":7.3356049397641545,\"ISIN\":\"waXKb\"},{\"SecurityType\":\"jPXPiBIGNGP9Jx\",\"No_of_Units\":2.677674804854754,\"Transfer_face_value\":3.474006177882546,\"Transfer_Value\":1.9352480373767,\"Price\":8.807288930732716,\"ISIN\":\"lj515fUI\"}],\"Src_Account_Type\":\"1dKOpHcn1uqow12XzU\",\"RESEND_Flag\":\"KWjFJcRCiF028\",\"Transfer_Reason_code\":\"pF3ER2Z3Svtk3mqWIQYHO\",\"Business_Partner_id\":\"3n6oO1LIb8vGlsshUwdHYu\",\"Setup_date_time\":\"KMaMHNN4w3cvtAXlw\",\"First_Holder_PAN\":\"jZDw8lW49hBCxas2N\",\"Remarks\":\"qEc5C8uBSE6\",\"Number_of_Holders\":9,\"Target_CSGL_No\":\"LLLLLLLLLLLLLLLL\",\"RDG_Account\":\"UqwAGp8UXUUqwA\",\"TransferRequestID\":\"igNvEtjrfNizmjXPBQqvV\",\"Settlement_date\":\"dQl65mrQ9QsivQZ8oCS\"}' \\\n      https://your-api-base-url.com/vft/transfer\n",
      "timeToExecuteInSec": 0.0,
      "httpMethod": "post",
      "switchedResult": false,
      "response": "{\"notAJson\": \"no body due to unknown error\"}\n"
    },
    {
      "scenario": "Send [NULL values] in request fields: field [Src_Account_Type], value [REPLACE], is required [FALSE]",
      "result": "error",
      "resultReason": "Unexpected behaviour: 999",
      "id": "Test 25",
      "fuzzer": "NullValuesInFields",
      "path": "/vft/transfer",
      "resultDetails": "Unexpected behaviour: expected [200, 201, 202, 204], actual [999]",
      "expectedResult": "Should return [2XX]",
      "curl": "curl  -X POST \\\n      -H \"Accept: application/json\" -H \"Content-Type: application/json\" \\\n      -d '{\"Demat_Account_Number\":\"NTElydWuGoNNTElydWuGoNN\",\"Source_CSGL_No\":\"T2Te6GvvsNrlJOwD\",\"SecurityBlock\":[{\"SecurityType\":\"5uniraqfIuBax\",\"No_of_Units\":1.319336086128703,\"Transfer_face_value\":8.034447091128616,\"Transfer_Value\":8.081934928319129,\"Price\":7.3356049397641545,\"ISIN\":\"waXKb\"},{\"SecurityType\":\"jPXPiBIGNGP9Jx\",\"No_of_Units\":2.677674804854754,\"Transfer_face_value\":3.474006177882546,\"Transfer_Value\":1.9352480373767,\"Price\":8.807288930732716,\"ISIN\":\"lj515fUI\"}],\"RESEND_Flag\":\"KWjFJcRCiF028\",\"Transfer_Reason_code\":\"pF3ER2Z3Svtk3mqWIQYHO\",\"Business_Partner_id\":\"3n6oO1LIb8vGlsshUwdHYu\",\"Setup_date_time\":\"KMaMHNN4w3cvtAXlw\",\"First_Holder_PAN\":\"jZDw8lW49hBCxas2N\",\"Remarks\":\"qEc5C8uBSE6\",\"Number_of_Holders\":9,\"Target_CSGL_No\":\"LLLLLLLLLLLLLLLL\",\"RDG_Account\":\"UqwAGp8UXUUqwA\",\"TransferRequestID\":\"igNvEtjrfNizmjXPBQqvV\",\"Settlement_date\":\"dQl65mrQ9QsivQZ8oCS\"}' \\\n      https://your-api-base-url.com/vft/transfer\n",
      "timeToExecuteInSec": 0.0,
      "httpMethod": "post",
      "switchedResult": false,
      "response": "{\"notAJson\": \"no body due to unknown error\"}\n"
    },
    {
      "scenario": "Send [NULL values] in request fields: field [RESEND_Flag], value [REPLACE], is required [FALSE]",
      "result": "error",
      "resultReason": "Unexpected behaviour: 999",
      "id": "Test 26",
      "fuzzer": "NullValuesInFields",
      "path": "/vft/transfer",
      "resultDetails": "Unexpected behaviour: expected [200, 201, 202, 204], actual [999]",
      "expectedResult": "Should return [2XX]",
      "curl": "curl  -X POST \\\n      -H \"Accept: application/json\" -H \"Content-Type: application/json\" \\\n      -d '{\"Demat_Account_Number\":\"NTElydWuGoNNTElydWuGoNN\",\"Source_CSGL_No\":\"T2Te6GvvsNrlJOwD\",\"SecurityBlock\":[{\"SecurityType\":\"5uniraqfIuBax\",\"No_of_Units\":1.319336086128703,\"Transfer_face_value\":8.034447091128616,\"Transfer_Value\":8.081934928319129,\"Price\":7.3356049397641545,\"ISIN\":\"waXKb\"},{\"SecurityType\":\"jPXPiBIGNGP9Jx\",\"No_of_Units\":2.677674804854754,\"Transfer_face_value\":3.474006177882546,\"Transfer_Value\":1.9352480373767,\"Price\":8.807288930732716,\"ISIN\":\"lj515fUI\"}],\"Src_Account_Type\":\"1dKOpHcn1uqow12XzU\",\"Transfer_Reason_code\":\"pF3ER2Z3Svtk3mqWIQYHO\",\"Business_Partner_id\":\"3n6oO1LIb8vGlsshUwdHYu\",\"Setup_date_time\":\"KMaMHNN4w3cvtAXlw\",\"First_Holder_PAN\":\"jZDw8lW49hBCxas2N\",\"Remarks\":\"qEc5C8uBSE6\",\"Number_of_Holders\":9,\"Target_CSGL_No\":\"LLLLLLLLLLLLLLLL\",\"RDG_Account\":\"UqwAGp8UXUUqwA\",\"TransferRequestID\":\"igNvEtjrfNizmjXPBQqvV\",\"Settlement_date\":\"dQl65mrQ9QsivQZ8oCS\"}' \\\n      https://your-api-base-url.com/vft/transfer\n",
      "timeToExecuteInSec": 0.0,
      "httpMethod": "post",
      "switchedResult": false,
      "response": "{\"notAJson\": \"no body due to unknown error\"}\n"
    },
    {
      "scenario": "Send [NULL values] in request fields: field [Transfer_Reason_code], value [REPLACE], is required [FALSE]",
      "result": "error",
      "resultReason": "Unexpected behaviour: 999",
      "id": "Test 27",
      "fuzzer": "NullValuesInFields",
      "path": "/vft/transfer",
      "resultDetails": "Unexpected behaviour: expected [200, 201, 202, 204], actual [999]",
      "expectedResult": "Should return [2XX]",
      "curl": "curl  -X POST \\\n      -H \"Accept: application/json\" -H \"Content-Type: application/json\" \\\n      -d '{\"Demat_Account_Number\":\"NTElydWuGoNNTElydWuGoNN\",\"Source_CSGL_No\":\"T2Te6GvvsNrlJOwD\",\"SecurityBlock\":[{\"SecurityType\":\"5uniraqfIuBax\",\"No_of_Units\":1.319336086128703,\"Transfer_face_value\":8.034447091128616,\"Transfer_Value\":8.081934928319129,\"Price\":7.3356049397641545,\"ISIN\":\"waXKb\"},{\"SecurityType\":\"jPXPiBIGNGP9Jx\",\"No_of_Units\":2.677674804854754,\"Transfer_face_value\":3.474006177882546,\"Transfer_Value\":1.9352480373767,\"Price\":8.807288930732716,\"ISIN\":\"lj515fUI\"}],\"Src_Account_Type\":\"1dKOpHcn1uqow12XzU\",\"RESEND_Flag\":\"KWjFJcRCiF028\",\"Business_Partner_id\":\"3n6oO1LIb8vGlsshUwdHYu\",\"Setup_date_time\":\"KMaMHNN4w3cvtAXlw\",\"First_Holder_PAN\":\"jZDw8lW49hBCxas2N\",\"Remarks\":\"qEc5C8uBSE6\",\"Number_of_Holders\":9,\"Target_CSGL_No\":\"LLLLLLLLLLLLLLLL\",\"RDG_Account\":\"UqwAGp8UXUUqwA\",\"TransferRequestID\":\"igNvEtjrfNizmjXPBQqvV\",\"Settlement_date\":\"dQl65mrQ9QsivQZ8oCS\"}' \\\n      https://your-api-base-url.com/vft/transfer\n",
      "timeToExecuteInSec": 0.0,
      "httpMethod": "post",
      "switchedResult": false,
      "response": "{\"notAJson\": \"no body due to unknown error\"}\n"
    },
    {
      "scenario": "Send [NULL values] in request fields: field [Business_Partner_id], value [REPLACE], is required [FALSE]",
      "result": "error",
      "resultReason": "Unexpected behaviour: 999",
      "id": "Test 28",
      "fuzzer": "NullValuesInFields",
      "path": "/vft/transfer",
      "resultDetails": "Unexpected behaviour: expected [200, 201, 202, 204], actual [999]",
      "expectedResult": "Should return [2XX]",
      "curl": "curl  -X POST \\\n      -H \"Accept: application/json\" -H \"Content-Type: application/json\" \\\n      -d '{\"Demat_Account_Number\":\"NTElydWuGoNNTElydWuGoNN\",\"Source_CSGL_No\":\"T2Te6GvvsNrlJOwD\",\"SecurityBlock\":[{\"SecurityType\":\"5uniraqfIuBax\",\"No_of_Units\":1.319336086128703,\"Transfer_face_value\":8.034447091128616,\"Transfer_Value\":8.081934928319129,\"Price\":7.3356049397641545,\"ISIN\":\"waXKb\"},{\"SecurityType\":\"jPXPiBIGNGP9Jx\",\"No_of_Units\":2.677674804854754,\"Transfer_face_value\":3.474006177882546,\"Transfer_Value\":1.9352480373767,\"Price\":8.807288930732716,\"ISIN\":\"lj515fUI\"}],\"Src_Account_Type\":\"1dKOpHcn1uqow12XzU\",\"RESEND_Flag\":\"KWjFJcRCiF028\",\"Transfer_Reason_code\":\"pF3ER2Z3Svtk3mqWIQYHO\",\"Setup_date_time\":\"KMaMHNN4w3cvtAXlw\",\"First_Holder_PAN\":\"jZDw8lW49hBCxas2N\",\"Remarks\":\"qEc5C8uBSE6\",\"Number_of_Holders\":9,\"Target_CSGL_No\":\"LLLLLLLLLLLLLLLL\",\"RDG_Account\":\"UqwAGp8UXUUqwA\",\"TransferRequestID\":\"igNvEtjrfNizmjXPBQqvV\",\"Settlement_date\":\"dQl65mrQ9QsivQZ8oCS\"}' \\\n      https://your-api-base-url.com/vft/transfer\n",
      "timeToExecuteInSec": 0.0,
      "httpMethod": "post",
      "switchedResult": false,
      "response": "{\"notAJson\": \"no body due to unknown error\"}\n"
    },
    {
      "scenario": "Send [NULL values] in request fields: field [Setup_date_time], value [REPLACE], is required [FALSE]",
      "result": "error",
      "resultReason": "Unexpected behaviour: 999",
      "id": "Test 29",
      "fuzzer": "NullValuesInFields",
      "path": "/vft/transfer",
      "resultDetails": "Unexpected behaviour: expected [200, 201, 202, 204], actual [999]",
      "expectedResult": "Should return [2XX]",
      "curl": "curl  -X POST \\\n      -H \"Accept: application/json\" -H \"Content-Type: application/json\" \\\n      -d '{\"Demat_Account_Number\":\"NTElydWuGoNNTElydWuGoNN\",\"Source_CSGL_No\":\"T2Te6GvvsNrlJOwD\",\"SecurityBlock\":[{\"SecurityType\":\"5uniraqfIuBax\",\"No_of_Units\":1.319336086128703,\"Transfer_face_value\":8.034447091128616,\"Transfer_Value\":8.081934928319129,\"Price\":7.3356049397641545,\"ISIN\":\"waXKb\"},{\"SecurityType\":\"jPXPiBIGNGP9Jx\",\"No_of_Units\":2.677674804854754,\"Transfer_face_value\":3.474006177882546,\"Transfer_Value\":1.9352480373767,\"Price\":8.807288930732716,\"ISIN\":\"lj515fUI\"}],\"Src_Account_Type\":\"1dKOpHcn1uqow12XzU\",\"RESEND_Flag\":\"KWjFJcRCiF028\",\"Transfer_Reason_code\":\"pF3ER2Z3Svtk3mqWIQYHO\",\"Business_Partner_id\":\"3n6oO1LIb8vGlsshUwdHYu\",\"First_Holder_PAN\":\"jZDw8lW49hBCxas2N\",\"Remarks\":\"qEc5C8uBSE6\",\"Number_of_Holders\":9,\"Target_CSGL_No\":\"LLLLLLLLLLLLLLLL\",\"RDG_Account\":\"UqwAGp8UXUUqwA\",\"TransferRequestID\":\"igNvEtjrfNizmjXPBQqvV\",\"Settlement_date\":\"dQl65mrQ9QsivQZ8oCS\"}' \\\n      https://your-api-base-url.com/vft/transfer\n",
      "timeToExecuteInSec": 0.0,
      "httpMethod": "post",
      "switchedResult": false,
      "response": "{\"notAJson\": \"no body due to unknown error\"}\n"
    },
    {
      "scenario": "Send [NULL values] in request fields: field [Remarks], value [REPLACE], is required [FALSE]",
      "result": "error",
      "resultReason": "Unexpected behaviour: 999",
      "id": "Test 30",
      "fuzzer": "NullValuesInFields",
      "path": "/vft/transfer",
      "resultDetails": "Unexpected behaviour: expected [200, 201, 202, 204], actual [999]",
      "expectedResult": "Should return [2XX]",
      "curl": "curl  -X POST \\\n      -H \"Accept: application/json\" -H \"Content-Type: application/json\" \\\n      -d '{\"Demat_Account_Number\":\"NTElydWuGoNNTElydWuGoNN\",\"Source_CSGL_No\":\"T2Te6GvvsNrlJOwD\",\"SecurityBlock\":[{\"SecurityType\":\"5uniraqfIuBax\",\"No_of_Units\":1.319336086128703,\"Transfer_face_value\":8.034447091128616,\"Transfer_Value\":8.081934928319129,\"Price\":7.3356049397641545,\"ISIN\":\"waXKb\"},{\"SecurityType\":\"jPXPiBIGNGP9Jx\",\"No_of_Units\":2.677674804854754,\"Transfer_face_value\":3.474006177882546,\"Transfer_Value\":1.9352480373767,\"Price\":8.807288930732716,\"ISIN\":\"lj515fUI\"}],\"Src_Account_Type\":\"1dKOpHcn1uqow12XzU\",\"RESEND_Flag\":\"KWjFJcRCiF028\",\"Transfer_Reason_code\":\"pF3ER2Z3Svtk3mqWIQYHO\",\"Business_Partner_id\":\"3n6oO1LIb8vGlsshUwdHYu\",\"Setup_date_time\":\"KMaMHNN4w3cvtAXlw\",\"First_Holder_PAN\":\"jZDw8lW49hBCxas2N\",\"Number_of_Holders\":9,\"Target_CSGL_No\":\"LLLLLLLLLLLLLLLL\",\"RDG_Account\":\"UqwAGp8UXUUqwA\",\"TransferRequestID\":\"igNvEtjrfNizmjXPBQqvV\",\"Settlement_date\":\"dQl65mrQ9QsivQZ8oCS\"}' \\\n      https://your-api-base-url.com/vft/transfer\n",
      "timeToExecuteInSec": 0.0,
      "httpMethod": "post",
      "switchedResult": false,
      "response": "{\"notAJson\": \"no body due to unknown error\"}\n"
    },
    {
      "scenario": "Send [NULL values] in request fields: field [First_Holder_PAN], value [REPLACE], is required [FALSE]",
      "result": "error",
      "resultReason": "Unexpected behaviour: 999",
      "id": "Test 31",
      "fuzzer": "NullValuesInFields",
      "path": "/vft/transfer",
      "resultDetails": "Unexpected behaviour: expected [200, 201, 202, 204], actual [999]",
      "expectedResult": "Should return [2XX]",
      "curl": "curl  -X POST \\\n      -H \"Accept: application/json\" -H \"Content-Type: application/json\" \\\n      -d '{\"Demat_Account_Number\":\"NTElydWuGoNNTElydWuGoNN\",\"Source_CSGL_No\":\"T2Te6GvvsNrlJOwD\",\"SecurityBlock\":[{\"SecurityType\":\"5uniraqfIuBax\",\"No_of_Units\":1.319336086128703,\"Transfer_face_value\":8.034447091128616,\"Transfer_Value\":8.081934928319129,\"Price\":7.3356049397641545,\"ISIN\":\"waXKb\"},{\"SecurityType\":\"jPXPiBIGNGP9Jx\",\"No_of_Units\":2.677674804854754,\"Transfer_face_value\":3.474006177882546,\"Transfer_Value\":1.9352480373767,\"Price\":8.807288930732716,\"ISIN\":\"lj515fUI\"}],\"Src_Account_Type\":\"1dKOpHcn1uqow12XzU\",\"RESEND_Flag\":\"KWjFJcRCiF028\",\"Transfer_Reason_code\":\"pF3ER2Z3Svtk3mqWIQYHO\",\"Business_Partner_id\":\"3n6oO1LIb8vGlsshUwdHYu\",\"Setup_date_time\":\"KMaMHNN4w3cvtAXlw\",\"Remarks\":\"qEc5C8uBSE6\",\"Number_of_Holders\":9,\"Target_CSGL_No\":\"LLLLLLLLLLLLLLLL\",\"RDG_Account\":\"UqwAGp8UXUUqwA\",\"TransferRequestID\":\"igNvEtjrfNizmjXPBQqvV\",\"Settlement_date\":\"dQl65mrQ9QsivQZ8oCS\"}' \\\n      https://your-api-base-url.com/vft/transfer\n",
      "timeToExecuteInSec": 0.0,
      "httpMethod": "post",
      "switchedResult": false,
      "response": "{\"notAJson\": \"no body due to unknown error\"}\n"
    },
    {
      "scenario": "Send [NULL values] in request fields: field [Number_of_Holders], value [REPLACE], is required [FALSE]",
      "result": "error",
      "resultReason": "Unexpected behaviour: 999",
      "id": "Test 32",
      "fuzzer": "NullValuesInFields",
      "path": "/vft/transfer",
      "resultDetails": "Unexpected behaviour: expected [200, 201, 202, 204], actual [999]",
      "expectedResult": "Should return [2XX]",
      "curl": "curl  -X POST \\\n      -H \"Accept: application/json\" -H \"Content-Type: application/json\" \\\n      -d '{\"Demat_Account_Number\":\"NTElydWuGoNNTElydWuGoNN\",\"Source_CSGL_No\":\"T2Te6GvvsNrlJOwD\",\"SecurityBlock\":[{\"SecurityType\":\"5uniraqfIuBax\",\"No_of_Units\":1.319336086128703,\"Transfer_face_value\":8.034447091128616,\"Transfer_Value\":8.081934928319129,\"Price\":7.3356049397641545,\"ISIN\":\"waXKb\"},{\"SecurityType\":\"jPXPiBIGNGP9Jx\",\"No_of_Units\":2.677674804854754,\"Transfer_face_value\":3.474006177882546,\"Transfer_Value\":1.9352480373767,\"Price\":8.807288930732716,\"ISIN\":\"lj515fUI\"}],\"Src_Account_Type\":\"1dKOpHcn1uqow12XzU\",\"RESEND_Flag\":\"KWjFJcRCiF028\",\"Transfer_Reason_code\":\"pF3ER2Z3Svtk3mqWIQYHO\",\"Business_Partner_id\":\"3n6oO1LIb8vGlsshUwdHYu\",\"Setup_date_time\":\"KMaMHNN4w3cvtAXlw\",\"First_Holder_PAN\":\"jZDw8lW49hBCxas2N\",\"Remarks\":\"qEc5C8uBSE6\",\"Target_CSGL_No\":\"LLLLLLLLLLLLLLLL\",\"RDG_Account\":\"UqwAGp8UXUUqwA\",\"TransferRequestID\":\"igNvEtjrfNizmjXPBQqvV\",\"Settlement_date\":\"dQl65mrQ9QsivQZ8oCS\"}' \\\n      https://your-api-base-url.com/vft/transfer\n",
      "timeToExecuteInSec": 0.0,
      "httpMethod": "post",
      "switchedResult": false,
      "response": "{\"notAJson\": \"no body due to unknown error\"}\n"
    },
    {
      "scenario": "Send [NULL values] in request fields: field [RDG_Account], value [REPLACE], is required [FALSE]",
      "result": "error",
      "resultReason": "Unexpected behaviour: 999",
      "id": "Test 33",
      "fuzzer": "NullValuesInFields",
      "path": "/vft/transfer",
      "resultDetails": "Unexpected behaviour: expected [200, 201, 202, 204], actual [999]",
      "expectedResult": "Should return [2XX]",
      "curl": "curl  -X POST \\\n      -H \"Accept: application/json\" -H \"Content-Type: application/json\" \\\n      -d '{\"Demat_Account_Number\":\"NTElydWuGoNNTElydWuGoNN\",\"Source_CSGL_No\":\"T2Te6GvvsNrlJOwD\",\"SecurityBlock\":[{\"SecurityType\":\"5uniraqfIuBax\",\"No_of_Units\":1.319336086128703,\"Transfer_face_value\":8.034447091128616,\"Transfer_Value\":8.081934928319129,\"Price\":7.3356049397641545,\"ISIN\":\"waXKb\"},{\"SecurityType\":\"jPXPiBIGNGP9Jx\",\"No_of_Units\":2.677674804854754,\"Transfer_face_value\":3.474006177882546,\"Transfer_Value\":1.9352480373767,\"Price\":8.807288930732716,\"ISIN\":\"lj515fUI\"}],\"Src_Account_Type\":\"1dKOpHcn1uqow12XzU\",\"RESEND_Flag\":\"KWjFJcRCiF028\",\"Transfer_Reason_code\":\"pF3ER2Z3Svtk3mqWIQYHO\",\"Business_Partner_id\":\"3n6oO1LIb8vGlsshUwdHYu\",\"Setup_date_time\":\"KMaMHNN4w3cvtAXlw\",\"First_Holder_PAN\":\"jZDw8lW49hBCxas2N\",\"Remarks\":\"qEc5C8uBSE6\",\"Number_of_Holders\":9,\"Target_CSGL_No\":\"LLLLLLLLLLLLLLLL\",\"TransferRequestID\":\"igNvEtjrfNizmjXPBQqvV\",\"Settlement_date\":\"dQl65mrQ9QsivQZ8oCS\"}' \\\n      https://your-api-base-url.com/vft/transfer\n",
      "timeToExecuteInSec": 0.0,
      "httpMethod": "post",
      "switchedResult": false,
      "response": "{\"notAJson\": \"no body due to unknown error\"}\n"
    },
    {
      "scenario": "Send [NULL values] in request fields: field [Target_CSGL_No], value [REPLACE], is required [FALSE]",
      "result": "error",
      "resultReason": "Unexpected behaviour: 999",
      "id": "Test 34",
      "fuzzer": "NullValuesInFields",
      "path": "/vft/transfer",
      "resultDetails": "Unexpected behaviour: expected [200, 201, 202, 204], actual [999]",
      "expectedResult": "Should return [2XX]",
      "curl": "curl  -X POST \\\n      -H \"Accept: application/json\" -H \"Content-Type: application/json\" \\\n      -d '{\"Demat_Account_Number\":\"NTElydWuGoNNTElydWuGoNN\",\"Source_CSGL_No\":\"T2Te6GvvsNrlJOwD\",\"SecurityBlock\":[{\"SecurityType\":\"5uniraqfIuBax\",\"No_of_Units\":1.319336086128703,\"Transfer_face_value\":8.034447091128616,\"Transfer_Value\":8.081934928319129,\"Price\":7.3356049397641545,\"ISIN\":\"waXKb\"},{\"SecurityType\":\"jPXPiBIGNGP9Jx\",\"No_of_Units\":2.677674804854754,\"Transfer_face_value\":3.474006177882546,\"Transfer_Value\":1.9352480373767,\"Price\":8.807288930732716,\"ISIN\":\"lj515fUI\"}],\"Src_Account_Type\":\"1dKOpHcn1uqow12XzU\",\"RESEND_Flag\":\"KWjFJcRCiF028\",\"Transfer_Reason_code\":\"pF3ER2Z3Svtk3mqWIQYHO\",\"Business_Partner_id\":\"3n6oO1LIb8vGlsshUwdHYu\",\"Setup_date_time\":\"KMaMHNN4w3cvtAXlw\",\"First_Holder_PAN\":\"jZDw8lW49hBCxas2N\",\"Remarks\":\"qEc5C8uBSE6\",\"Number_of_Holders\":9,\"RDG_Account\":\"UqwAGp8UXUUqwA\",\"TransferRequestID\":\"igNvEtjrfNizmjXPBQqvV\",\"Settlement_date\":\"dQl65mrQ9QsivQZ8oCS\"}' \\\n      https://your-api-base-url.com/vft/transfer\n",
      "timeToExecuteInSec": 0.0,
      "httpMethod": "post",
      "switchedResult": false,
      "response": "{\"notAJson\": \"no body due to unknown error\"}\n"
    },
    {
      "scenario": "Send [NULL values] in request fields: field [TransferRequestID], value [REPLACE], is required [FALSE]",
      "result": "error",
      "resultReason": "Unexpected behaviour: 999",
      "id": "Test 35",
      "fuzzer": "NullValuesInFields",
      "path": "/vft/transfer",
      "resultDetails": "Unexpected behaviour: expected [200, 201, 202, 204], actual [999]",
      "expectedResult": "Should return [2XX]",
      "curl": "curl  -X POST \\\n      -H \"Accept: application/json\" -H \"Content-Type: application/json\" \\\n      -d '{\"Demat_Account_Number\":\"NTElydWuGoNNTElydWuGoNN\",\"Source_CSGL_No\":\"T2Te6GvvsNrlJOwD\",\"SecurityBlock\":[{\"SecurityType\":\"5uniraqfIuBax\",\"No_of_Units\":1.319336086128703,\"Transfer_face_value\":8.034447091128616,\"Transfer_Value\":8.081934928319129,\"Price\":7.3356049397641545,\"ISIN\":\"waXKb\"},{\"SecurityType\":\"jPXPiBIGNGP9Jx\",\"No_of_Units\":2.677674804854754,\"Transfer_face_value\":3.474006177882546,\"Transfer_Value\":1.9352480373767,\"Price\":8.807288930732716,\"ISIN\":\"lj515fUI\"}],\"Src_Account_Type\":\"1dKOpHcn1uqow12XzU\",\"RESEND_Flag\":\"KWjFJcRCiF028\",\"Transfer_Reason_code\":\"pF3ER2Z3Svtk3mqWIQYHO\",\"Business_Partner_id\":\"3n6oO1LIb8vGlsshUwdHYu\",\"Setup_date_time\":\"KMaMHNN4w3cvtAXlw\",\"First_Holder_PAN\":\"jZDw8lW49hBCxas2N\",\"Remarks\":\"qEc5C8uBSE6\",\"Number_of_Holders\":9,\"Target_CSGL_No\":\"LLLLLLLLLLLLLLLL\",\"RDG_Account\":\"UqwAGp8UXUUqwA\",\"Settlement_date\":\"dQl65mrQ9QsivQZ8oCS\"}' \\\n      https://your-api-base-url.com/vft/transfer\n",
      "timeToExecuteInSec": 0.0,
      "httpMethod": "post",
      "switchedResult": false,
      "response": "{\"notAJson\": \"no body due to unknown error\"}\n"
    },
    {
      "scenario": "Send [NULL values] in request fields: field [Settlement_date], value [REPLACE], is required [FALSE]",
      "result": "error",
      "resultReason": "Unexpected behaviour: 999",
      "id": "Test 36",
      "fuzzer": "NullValuesInFields",
      "path": "/vft/transfer",
      "resultDetails": "Unexpected behaviour: expected [200, 201, 202, 204], actual [999]",
      "expectedResult": "Should return [2XX]",
      "curl": "curl  -X POST \\\n      -H \"Accept: application/json\" -H \"Content-Type: application/json\" \\\n      -d '{\"Demat_Account_Number\":\"NTElydWuGoNNTElydWuGoNN\",\"Source_CSGL_No\":\"T2Te6GvvsNrlJOwD\",\"SecurityBlock\":[{\"SecurityType\":\"5uniraqfIuBax\",\"No_of_Units\":1.319336086128703,\"Transfer_face_value\":8.034447091128616,\"Transfer_Value\":8.081934928319129,\"Price\":7.3356049397641545,\"ISIN\":\"waXKb\"},{\"SecurityType\":\"jPXPiBIGNGP9Jx\",\"No_of_Units\":2.677674804854754,\"Transfer_face_value\":3.474006177882546,\"Transfer_Value\":1.9352480373767,\"Price\":8.807288930732716,\"ISIN\":\"lj515fUI\"}],\"Src_Account_Type\":\"1dKOpHcn1uqow12XzU\",\"RESEND_Flag\":\"KWjFJcRCiF028\",\"Transfer_Reason_code\":\"pF3ER2Z3Svtk3mqWIQYHO\",\"Business_Partner_id\":\"3n6oO1LIb8vGlsshUwdHYu\",\"Setup_date_time\":\"KMaMHNN4w3cvtAXlw\",\"First_Holder_PAN\":\"jZDw8lW49hBCxas2N\",\"Remarks\":\"qEc5C8uBSE6\",\"Number_of_Holders\":9,\"Target_CSGL_No\":\"LLLLLLLLLLLLLLLL\",\"RDG_Account\":\"UqwAGp8UXUUqwA\",\"TransferRequestID\":\"igNvEtjrfNizmjXPBQqvV\"}' \\\n      https://your-api-base-url.com/vft/transfer\n",
      "timeToExecuteInSec": 0.0,
      "httpMethod": "post",
      "switchedResult": false,
      "response": "{\"notAJson\": \"no body due to unknown error\"}\n"
    },
    {
      "scenario": "Replace array fields with overflow array values.  Current field [SecurityBlock] [REPLACE with []]",
      "result": "error",
      "resultReason": "Unexpected behaviour: 999",
      "id": "Test 37",
      "fuzzer": "OverflowArraySizeFields",
      "path": "/vft/transfer",
      "resultDetails": "Unexpected behaviour: expected [400, 413, 414, 422, 431], actual [999]",
      "expectedResult": "Should return [4XX]",
      "curl": "curl  -X POST \\\n      -H \"Accept: application/json\" -H \"Content-Type: application/json\" \\\n      -d '{\"Demat_Account_Number\":\"NTElydWuGoNNTElydWuGoNN\",\"Source_CSGL_No\":\"T2Te6GvvsNrlJOwD\",\"SecurityBlock\":[],\"Src_Account_Type\":\"1dKOpHcn1uqow12XzU\",\"RESEND_Flag\":\"KWjFJcRCiF028\",\"Transfer_Reason_code\":\"pF3ER2Z3Svtk3mqWIQYHO\",\"Business_Partner_id\":\"3n6oO1LIb8vGlsshUwdHYu\",\"Setup_date_time\":\"KMaMHNN4w3cvtAXlw\",\"First_Holder_PAN\":\"jZDw8lW49hBCxas2N\",\"Remarks\":\"qEc5C8uBSE6\",\"Number_of_Holders\":9,\"Target_CSGL_No\":\"LLLLLLLLLLLLLLLL\",\"RDG_Account\":\"UqwAGp8UXUUqwA\",\"TransferRequestID\":\"igNvEtjrfNizmjXPBQqvV\",\"Settlement_date\":\"dQl65mrQ9QsivQZ8oCS\"}' \\\n      https://your-api-base-url.com/vft/transfer\n",
      "timeToExecuteInSec": 0.0,
      "httpMethod": "post",
      "switchedResult": false,
      "response": "{\"notAJson\": \"no body due to unknown error\"}\n"
    },
    {
      "scenario": "Remove the following fields from request: [Demat_Account_Number]",
      "result": "error",
      "resultReason": "Unexpected behaviour: 999",
      "id": "Test 38",
      "fuzzer": "RemoveFields",
      "path": "/vft/transfer",
      "resultDetails": "Unexpected behaviour: expected [200, 201, 202, 204], actual [999]",
      "expectedResult": "Should return [2XX] response code as required fields [were not] removed",
      "curl": "curl  -X POST \\\n      -H \"Accept: application/json\" -H \"Content-Type: application/json\" \\\n      -d '{\"Source_CSGL_No\":\"T2Te6GvvsNrlJOwD\",\"SecurityBlock\":[{\"SecurityType\":\"5uniraqfIuBax\",\"No_of_Units\":1.319336086128703,\"Transfer_face_value\":8.034447091128616,\"Transfer_Value\":8.081934928319129,\"Price\":7.3356049397641545,\"ISIN\":\"waXKb\"},{\"SecurityType\":\"jPXPiBIGNGP9Jx\",\"No_of_Units\":2.677674804854754,\"Transfer_face_value\":3.474006177882546,\"Transfer_Value\":1.9352480373767,\"Price\":8.807288930732716,\"ISIN\":\"lj515fUI\"}],\"Src_Account_Type\":\"1dKOpHcn1uqow12XzU\",\"RESEND_Flag\":\"KWjFJcRCiF028\",\"Transfer_Reason_code\":\"pF3ER2Z3Svtk3mqWIQYHO\",\"Business_Partner_id\":\"3n6oO1LIb8vGlsshUwdHYu\",\"Setup_date_time\":\"KMaMHNN4w3cvtAXlw\",\"First_Holder_PAN\":\"jZDw8lW49hBCxas2N\",\"Remarks\":\"qEc5C8uBSE6\",\"Number_of_Holders\":9,\"Target_CSGL_No\":\"LLLLLLLLLLLLLLLL\",\"RDG_Account\":\"UqwAGp8UXUUqwA\",\"TransferRequestID\":\"igNvEtjrfNizmjXPBQqvV\",\"Settlement_date\":\"dQl65mrQ9QsivQZ8oCS\"}' \\\n      https://your-api-base-url.com/vft/transfer\n",
      "timeToExecuteInSec": 0.0,
      "httpMethod": "post",
      "switchedResult": false,
      "response": "{\"notAJson\": \"no body due to unknown error\"}\n"
    },
    {
      "scenario": "Remove the following fields from request: [Source_CSGL_No]",
      "result": "error",
      "resultReason": "Unexpected behaviour: 999",
      "id": "Test 39",
      "fuzzer": "RemoveFields",
      "path": "/vft/transfer",
      "resultDetails": "Unexpected behaviour: expected [200, 201, 202, 204], actual [999]",
      "expectedResult": "Should return [2XX] response code as required fields [were not] removed",
      "curl": "curl  -X POST \\\n      -H \"Accept: application/json\" -H \"Content-Type: application/json\" \\\n      -d '{\"Demat_Account_Number\":\"NTElydWuGoNNTElydWuGoNN\",\"SecurityBlock\":[{\"SecurityType\":\"5uniraqfIuBax\",\"No_of_Units\":1.319336086128703,\"Transfer_face_value\":8.034447091128616,\"Transfer_Value\":8.081934928319129,\"Price\":7.3356049397641545,\"ISIN\":\"waXKb\"},{\"SecurityType\":\"jPXPiBIGNGP9Jx\",\"No_of_Units\":2.677674804854754,\"Transfer_face_value\":3.474006177882546,\"Transfer_Value\":1.9352480373767,\"Price\":8.807288930732716,\"ISIN\":\"lj515fUI\"}],\"Src_Account_Type\":\"1dKOpHcn1uqow12XzU\",\"RESEND_Flag\":\"KWjFJcRCiF028\",\"Transfer_Reason_code\":\"pF3ER2Z3Svtk3mqWIQYHO\",\"Business_Partner_id\":\"3n6oO1LIb8vGlsshUwdHYu\",\"Setup_date_time\":\"KMaMHNN4w3cvtAXlw\",\"First_Holder_PAN\":\"jZDw8lW49hBCxas2N\",\"Remarks\":\"qEc5C8uBSE6\",\"Number_of_Holders\":9,\"Target_CSGL_No\":\"LLLLLLLLLLLLLLLL\",\"RDG_Account\":\"UqwAGp8UXUUqwA\",\"TransferRequestID\":\"igNvEtjrfNizmjXPBQqvV\",\"Settlement_date\":\"dQl65mrQ9QsivQZ8oCS\"}' \\\n      https://your-api-base-url.com/vft/transfer\n",
      "timeToExecuteInSec": 0.0,
      "httpMethod": "post",
      "switchedResult": false,
      "response": "{\"notAJson\": \"no body due to unknown error\"}\n"
    },
    {
      "scenario": "Remove the following fields from request: [SecurityBlock]",
      "result": "error",
      "resultReason": "Unexpected behaviour: 999",
      "id": "Test 40",
      "fuzzer": "RemoveFields",
      "path": "/vft/transfer",
      "resultDetails": "Unexpected behaviour: expected [200, 201, 202, 204], actual [999]",
      "expectedResult": "Should return [2XX] response code as required fields [were not] removed",
      "curl": "curl  -X POST \\\n      -H \"Accept: application/json\" -H \"Content-Type: application/json\" \\\n      -d '{\"Demat_Account_Number\":\"NTElydWuGoNNTElydWuGoNN\",\"Source_CSGL_No\":\"T2Te6GvvsNrlJOwD\",\"Src_Account_Type\":\"1dKOpHcn1uqow12XzU\",\"RESEND_Flag\":\"KWjFJcRCiF028\",\"Transfer_Reason_code\":\"pF3ER2Z3Svtk3mqWIQYHO\",\"Business_Partner_id\":\"3n6oO1LIb8vGlsshUwdHYu\",\"Setup_date_time\":\"KMaMHNN4w3cvtAXlw\",\"First_Holder_PAN\":\"jZDw8lW49hBCxas2N\",\"Remarks\":\"qEc5C8uBSE6\",\"Number_of_Holders\":9,\"Target_CSGL_No\":\"LLLLLLLLLLLLLLLL\",\"RDG_Account\":\"UqwAGp8UXUUqwA\",\"TransferRequestID\":\"igNvEtjrfNizmjXPBQqvV\",\"Settlement_date\":\"dQl65mrQ9QsivQZ8oCS\"}' \\\n      https://your-api-base-url.com/vft/transfer\n",
      "timeToExecuteInSec": 0.0,
      "httpMethod": "post",
      "switchedResult": false,
      "response": "{\"notAJson\": \"no body due to unknown error\"}\n"
    },
    {
      "scenario": "Remove the following fields from request: [Src_Account_Type]",
      "result": "error",
      "resultReason": "Unexpected behaviour: 999",
      "id": "Test 41",
      "fuzzer": "RemoveFields",
      "path": "/vft/transfer",
      "resultDetails": "Unexpected behaviour: expected [200, 201, 202, 204], actual [999]",
      "expectedResult": "Should return [2XX] response code as required fields [were not] removed",
      "curl": "curl  -X POST \\\n      -H \"Accept: application/json\" -H \"Content-Type: application/json\" \\\n      -d '{\"Demat_Account_Number\":\"NTElydWuGoNNTElydWuGoNN\",\"Source_CSGL_No\":\"T2Te6GvvsNrlJOwD\",\"SecurityBlock\":[{\"SecurityType\":\"5uniraqfIuBax\",\"No_of_Units\":1.319336086128703,\"Transfer_face_value\":8.034447091128616,\"Transfer_Value\":8.081934928319129,\"Price\":7.3356049397641545,\"ISIN\":\"waXKb\"},{\"SecurityType\":\"jPXPiBIGNGP9Jx\",\"No_of_Units\":2.677674804854754,\"Transfer_face_value\":3.474006177882546,\"Transfer_Value\":1.9352480373767,\"Price\":8.807288930732716,\"ISIN\":\"lj515fUI\"}],\"RESEND_Flag\":\"KWjFJcRCiF028\",\"Transfer_Reason_code\":\"pF3ER2Z3Svtk3mqWIQYHO\",\"Business_Partner_id\":\"3n6oO1LIb8vGlsshUwdHYu\",\"Setup_date_time\":\"KMaMHNN4w3cvtAXlw\",\"First_Holder_PAN\":\"jZDw8lW49hBCxas2N\",\"Remarks\":\"qEc5C8uBSE6\",\"Number_of_Holders\":9,\"Target_CSGL_No\":\"LLLLLLLLLLLLLLLL\",\"RDG_Account\":\"UqwAGp8UXUUqwA\",\"TransferRequestID\":\"igNvEtjrfNizmjXPBQqvV\",\"Settlement_date\":\"dQl65mrQ9QsivQZ8oCS\"}' \\\n      https://your-api-base-url.com/vft/transfer\n",
      "timeToExecuteInSec": 0.0,
      "httpMethod": "post",
      "switchedResult": false,
      "response": "{\"notAJson\": \"no body due to unknown error\"}\n"
    },
    {
      "scenario": "Remove the following fields from request: [RESEND_Flag]",
      "result": "error",
      "resultReason": "Unexpected behaviour: 999",
      "id": "Test 42",
      "fuzzer": "RemoveFields",
      "path": "/vft/transfer",
      "resultDetails": "Unexpected behaviour: expected [200, 201, 202, 204], actual [999]",
      "expectedResult": "Should return [2XX] response code as required fields [were not] removed",
      "curl": "curl  -X POST \\\n      -H \"Accept: application/json\" -H \"Content-Type: application/json\" \\\n      -d '{\"Demat_Account_Number\":\"NTElydWuGoNNTElydWuGoNN\",\"Source_CSGL_No\":\"T2Te6GvvsNrlJOwD\",\"SecurityBlock\":[{\"SecurityType\":\"5uniraqfIuBax\",\"No_of_Units\":1.319336086128703,\"Transfer_face_value\":8.034447091128616,\"Transfer_Value\":8.081934928319129,\"Price\":7.3356049397641545,\"ISIN\":\"waXKb\"},{\"SecurityType\":\"jPXPiBIGNGP9Jx\",\"No_of_Units\":2.677674804854754,\"Transfer_face_value\":3.474006177882546,\"Transfer_Value\":1.9352480373767,\"Price\":8.807288930732716,\"ISIN\":\"lj515fUI\"}],\"Src_Account_Type\":\"1dKOpHcn1uqow12XzU\",\"Transfer_Reason_code\":\"pF3ER2Z3Svtk3mqWIQYHO\",\"Business_Partner_id\":\"3n6oO1LIb8vGlsshUwdHYu\",\"Setup_date_time\":\"KMaMHNN4w3cvtAXlw\",\"First_Holder_PAN\":\"jZDw8lW49hBCxas2N\",\"Remarks\":\"qEc5C8uBSE6\",\"Number_of_Holders\":9,\"Target_CSGL_No\":\"LLLLLLLLLLLLLLLL\",\"RDG_Account\":\"UqwAGp8UXUUqwA\",\"TransferRequestID\":\"igNvEtjrfNizmjXPBQqvV\",\"Settlement_date\":\"dQl65mrQ9QsivQZ8oCS\"}' \\\n      https://your-api-base-url.com/vft/transfer\n",
      "timeToExecuteInSec": 0.0,
      "httpMethod": "post",
      "switchedResult": false,
      "response": "{\"notAJson\": \"no body due to unknown error\"}\n"
    },
    {
      "scenario": "Remove the following fields from request: [Transfer_Reason_code]",
      "result": "error",
      "resultReason": "Unexpected behaviour: 999",
      "id": "Test 43",
      "fuzzer": "RemoveFields",
      "path": "/vft/transfer",
      "resultDetails": "Unexpected behaviour: expected [200, 201, 202, 204], actual [999]",
      "expectedResult": "Should return [2XX] response code as required fields [were not] removed",
      "curl": "curl  -X POST \\\n      -H \"Accept: application/json\" -H \"Content-Type: application/json\" \\\n      -d '{\"Demat_Account_Number\":\"NTElydWuGoNNTElydWuGoNN\",\"Source_CSGL_No\":\"T2Te6GvvsNrlJOwD\",\"SecurityBlock\":[{\"SecurityType\":\"5uniraqfIuBax\",\"No_of_Units\":1.319336086128703,\"Transfer_face_value\":8.034447091128616,\"Transfer_Value\":8.081934928319129,\"Price\":7.3356049397641545,\"ISIN\":\"waXKb\"},{\"SecurityType\":\"jPXPiBIGNGP9Jx\",\"No_of_Units\":2.677674804854754,\"Transfer_face_value\":3.474006177882546,\"Transfer_Value\":1.9352480373767,\"Price\":8.807288930732716,\"ISIN\":\"lj515fUI\"}],\"Src_Account_Type\":\"1dKOpHcn1uqow12XzU\",\"RESEND_Flag\":\"KWjFJcRCiF028\",\"Business_Partner_id\":\"3n6oO1LIb8vGlsshUwdHYu\",\"Setup_date_time\":\"KMaMHNN4w3cvtAXlw\",\"First_Holder_PAN\":\"jZDw8lW49hBCxas2N\",\"Remarks\":\"qEc5C8uBSE6\",\"Number_of_Holders\":9,\"Target_CSGL_No\":\"LLLLLLLLLLLLLLLL\",\"RDG_Account\":\"UqwAGp8UXUUqwA\",\"TransferRequestID\":\"igNvEtjrfNizmjXPBQqvV\",\"Settlement_date\":\"dQl65mrQ9QsivQZ8oCS\"}' \\\n      https://your-api-base-url.com/vft/transfer\n",
      "timeToExecuteInSec": 0.0,
      "httpMethod": "post",
      "switchedResult": false,
      "response": "{\"notAJson\": \"no body due to unknown error\"}\n"
    },
    {
      "scenario": "Remove the following fields from request: [Business_Partner_id]",
      "result": "error",
      "resultReason": "Unexpected behaviour: 999",
      "id": "Test 44",
      "fuzzer": "RemoveFields",
      "path": "/vft/transfer",
      "resultDetails": "Unexpected behaviour: expected [200, 201, 202, 204], actual [999]",
      "expectedResult": "Should return [2XX] response code as required fields [were not] removed",
      "curl": "curl  -X POST \\\n      -H \"Accept: application/json\" -H \"Content-Type: application/json\" \\\n      -d '{\"Demat_Account_Number\":\"NTElydWuGoNNTElydWuGoNN\",\"Source_CSGL_No\":\"T2Te6GvvsNrlJOwD\",\"SecurityBlock\":[{\"SecurityType\":\"5uniraqfIuBax\",\"No_of_Units\":1.319336086128703,\"Transfer_face_value\":8.034447091128616,\"Transfer_Value\":8.081934928319129,\"Price\":7.3356049397641545,\"ISIN\":\"waXKb\"},{\"SecurityType\":\"jPXPiBIGNGP9Jx\",\"No_of_Units\":2.677674804854754,\"Transfer_face_value\":3.474006177882546,\"Transfer_Value\":1.9352480373767,\"Price\":8.807288930732716,\"ISIN\":\"lj515fUI\"}],\"Src_Account_Type\":\"1dKOpHcn1uqow12XzU\",\"RESEND_Flag\":\"KWjFJcRCiF028\",\"Transfer_Reason_code\":\"pF3ER2Z3Svtk3mqWIQYHO\",\"Setup_date_time\":\"KMaMHNN4w3cvtAXlw\",\"First_Holder_PAN\":\"jZDw8lW49hBCxas2N\",\"Remarks\":\"qEc5C8uBSE6\",\"Number_of_Holders\":9,\"Target_CSGL_No\":\"LLLLLLLLLLLLLLLL\",\"RDG_Account\":\"UqwAGp8UXUUqwA\",\"TransferRequestID\":\"igNvEtjrfNizmjXPBQqvV\",\"Settlement_date\":\"dQl65mrQ9QsivQZ8oCS\"}' \\\n      https://your-api-base-url.com/vft/transfer\n",
      "timeToExecuteInSec": 0.0,
      "httpMethod": "post",
      "switchedResult": false,
      "response": "{\"notAJson\": \"no body due to unknown error\"}\n"
    },
    {
      "scenario": "Remove the following fields from request: [Setup_date_time]",
      "result": "error",
      "resultReason": "Unexpected behaviour: 999",
      "id": "Test 45",
      "fuzzer": "RemoveFields",
      "path": "/vft/transfer",
      "resultDetails": "Unexpected behaviour: expected [200, 201, 202, 204], actual [999]",
      "expectedResult": "Should return [2XX] response code as required fields [were not] removed",
      "curl": "curl  -X POST \\\n      -H \"Accept: application/json\" -H \"Content-Type: application/json\" \\\n      -d '{\"Demat_Account_Number\":\"NTElydWuGoNNTElydWuGoNN\",\"Source_CSGL_No\":\"T2Te6GvvsNrlJOwD\",\"SecurityBlock\":[{\"SecurityType\":\"5uniraqfIuBax\",\"No_of_Units\":1.319336086128703,\"Transfer_face_value\":8.034447091128616,\"Transfer_Value\":8.081934928319129,\"Price\":7.3356049397641545,\"ISIN\":\"waXKb\"},{\"SecurityType\":\"jPXPiBIGNGP9Jx\",\"No_of_Units\":2.677674804854754,\"Transfer_face_value\":3.474006177882546,\"Transfer_Value\":1.9352480373767,\"Price\":8.807288930732716,\"ISIN\":\"lj515fUI\"}],\"Src_Account_Type\":\"1dKOpHcn1uqow12XzU\",\"RESEND_Flag\":\"KWjFJcRCiF028\",\"Transfer_Reason_code\":\"pF3ER2Z3Svtk3mqWIQYHO\",\"Business_Partner_id\":\"3n6oO1LIb8vGlsshUwdHYu\",\"First_Holder_PAN\":\"jZDw8lW49hBCxas2N\",\"Remarks\":\"qEc5C8uBSE6\",\"Number_of_Holders\":9,\"Target_CSGL_No\":\"LLLLLLLLLLLLLLLL\",\"RDG_Account\":\"UqwAGp8UXUUqwA\",\"TransferRequestID\":\"igNvEtjrfNizmjXPBQqvV\",\"Settlement_date\":\"dQl65mrQ9QsivQZ8oCS\"}' \\\n      https://your-api-base-url.com/vft/transfer\n",
      "timeToExecuteInSec": 0.0,
      "httpMethod": "post",
      "switchedResult": false,
      "response": "{\"notAJson\": \"no body due to unknown error\"}\n"
    },
    {
      "scenario": "Remove the following fields from request: [Remarks]",
      "result": "error",
      "resultReason": "Unexpected behaviour: 999",
      "id": "Test 46",
      "fuzzer": "RemoveFields",
      "path": "/vft/transfer",
      "resultDetails": "Unexpected behaviour: expected [200, 201, 202, 204], actual [999]",
      "expectedResult": "Should return [2XX] response code as required fields [were not] removed",
      "curl": "curl  -X POST \\\n      -H \"Accept: application/json\" -H \"Content-Type: application/json\" \\\n      -d '{\"Demat_Account_Number\":\"NTElydWuGoNNTElydWuGoNN\",\"Source_CSGL_No\":\"T2Te6GvvsNrlJOwD\",\"SecurityBlock\":[{\"SecurityType\":\"5uniraqfIuBax\",\"No_of_Units\":1.319336086128703,\"Transfer_face_value\":8.034447091128616,\"Transfer_Value\":8.081934928319129,\"Price\":7.3356049397641545,\"ISIN\":\"waXKb\"},{\"SecurityType\":\"jPXPiBIGNGP9Jx\",\"No_of_Units\":2.677674804854754,\"Transfer_face_value\":3.474006177882546,\"Transfer_Value\":1.9352480373767,\"Price\":8.807288930732716,\"ISIN\":\"lj515fUI\"}],\"Src_Account_Type\":\"1dKOpHcn1uqow12XzU\",\"RESEND_Flag\":\"KWjFJcRCiF028\",\"Transfer_Reason_code\":\"pF3ER2Z3Svtk3mqWIQYHO\",\"Business_Partner_id\":\"3n6oO1LIb8vGlsshUwdHYu\",\"Setup_date_time\":\"KMaMHNN4w3cvtAXlw\",\"First_Holder_PAN\":\"jZDw8lW49hBCxas2N\",\"Number_of_Holders\":9,\"Target_CSGL_No\":\"LLLLLLLLLLLLLLLL\",\"RDG_Account\":\"UqwAGp8UXUUqwA\",\"TransferRequestID\":\"igNvEtjrfNizmjXPBQqvV\",\"Settlement_date\":\"dQl65mrQ9QsivQZ8oCS\"}' \\\n      https://your-api-base-url.com/vft/transfer\n",
      "timeToExecuteInSec": 0.0,
      "httpMethod": "post",
      "switchedResult": false,
      "response": "{\"notAJson\": \"no body due to unknown error\"}\n"
    },
    {
      "scenario": "Remove the following fields from request: [First_Holder_PAN]",
      "result": "error",
      "resultReason": "Unexpected behaviour: 999",
      "id": "Test 47",
      "fuzzer": "RemoveFields",
      "path": "/vft/transfer",
      "resultDetails": "Unexpected behaviour: expected [200, 201, 202, 204], actual [999]",
      "expectedResult": "Should return [2XX] response code as required fields [were not] removed",
      "curl": "curl  -X POST \\\n      -H \"Accept: application/json\" -H \"Content-Type: application/json\" \\\n      -d '{\"Demat_Account_Number\":\"NTElydWuGoNNTElydWuGoNN\",\"Source_CSGL_No\":\"T2Te6GvvsNrlJOwD\",\"SecurityBlock\":[{\"SecurityType\":\"5uniraqfIuBax\",\"No_of_Units\":1.319336086128703,\"Transfer_face_value\":8.034447091128616,\"Transfer_Value\":8.081934928319129,\"Price\":7.3356049397641545,\"ISIN\":\"waXKb\"},{\"SecurityType\":\"jPXPiBIGNGP9Jx\",\"No_of_Units\":2.677674804854754,\"Transfer_face_value\":3.474006177882546,\"Transfer_Value\":1.9352480373767,\"Price\":8.807288930732716,\"ISIN\":\"lj515fUI\"}],\"Src_Account_Type\":\"1dKOpHcn1uqow12XzU\",\"RESEND_Flag\":\"KWjFJcRCiF028\",\"Transfer_Reason_code\":\"pF3ER2Z3Svtk3mqWIQYHO\",\"Business_Partner_id\":\"3n6oO1LIb8vGlsshUwdHYu\",\"Setup_date_time\":\"KMaMHNN4w3cvtAXlw\",\"Remarks\":\"qEc5C8uBSE6\",\"Number_of_Holders\":9,\"Target_CSGL_No\":\"LLLLLLLLLLLLLLLL\",\"RDG_Account\":\"UqwAGp8UXUUqwA\",\"TransferRequestID\":\"igNvEtjrfNizmjXPBQqvV\",\"Settlement_date\":\"dQl65mrQ9QsivQZ8oCS\"}' \\\n      https://your-api-base-url.com/vft/transfer\n",
      "timeToExecuteInSec": 0.0,
      "httpMethod": "post",
      "switchedResult": false,
      "response": "{\"notAJson\": \"no body due to unknown error\"}\n"
    },
    {
      "scenario": "Remove the following fields from request: [Number_of_Holders]",
      "result": "error",
      "resultReason": "Unexpected behaviour: 999",
      "id": "Test 48",
      "fuzzer": "RemoveFields",
      "path": "/vft/transfer",
      "resultDetails": "Unexpected behaviour: expected [200, 201, 202, 204], actual [999]",
      "expectedResult": "Should return [2XX] response code as required fields [were not] removed",
      "curl": "curl  -X POST \\\n      -H \"Accept: application/json\" -H \"Content-Type: application/json\" \\\n      -d '{\"Demat_Account_Number\":\"NTElydWuGoNNTElydWuGoNN\",\"Source_CSGL_No\":\"T2Te6GvvsNrlJOwD\",\"SecurityBlock\":[{\"SecurityType\":\"5uniraqfIuBax\",\"No_of_Units\":1.319336086128703,\"Transfer_face_value\":8.034447091128616,\"Transfer_Value\":8.081934928319129,\"Price\":7.3356049397641545,\"ISIN\":\"waXKb\"},{\"SecurityType\":\"jPXPiBIGNGP9Jx\",\"No_of_Units\":2.677674804854754,\"Transfer_face_value\":3.474006177882546,\"Transfer_Value\":1.9352480373767,\"Price\":8.807288930732716,\"ISIN\":\"lj515fUI\"}],\"Src_Account_Type\":\"1dKOpHcn1uqow12XzU\",\"RESEND_Flag\":\"KWjFJcRCiF028\",\"Transfer_Reason_code\":\"pF3ER2Z3Svtk3mqWIQYHO\",\"Business_Partner_id\":\"3n6oO1LIb8vGlsshUwdHYu\",\"Setup_date_time\":\"KMaMHNN4w3cvtAXlw\",\"First_Holder_PAN\":\"jZDw8lW49hBCxas2N\",\"Remarks\":\"qEc5C8uBSE6\",\"Target_CSGL_No\":\"LLLLLLLLLLLLLLLL\",\"RDG_Account\":\"UqwAGp8UXUUqwA\",\"TransferRequestID\":\"igNvEtjrfNizmjXPBQqvV\",\"Settlement_date\":\"dQl65mrQ9QsivQZ8oCS\"}' \\\n      https://your-api-base-url.com/vft/transfer\n",
      "timeToExecuteInSec": 0.0,
      "httpMethod": "post",
      "switchedResult": false,
      "response": "{\"notAJson\": \"no body due to unknown error\"}\n"
    },
    {
      "scenario": "Remove the following fields from request: [RDG_Account]",
      "result": "error",
      "resultReason": "Unexpected behaviour: 999",
      "id": "Test 49",
      "fuzzer": "RemoveFields",
      "path": "/vft/transfer",
      "resultDetails": "Unexpected behaviour: expected [200, 201, 202, 204], actual [999]",
      "expectedResult": "Should return [2XX] response code as required fields [were not] removed",
      "curl": "curl  -X POST \\\n      -H \"Accept: application/json\" -H \"Content-Type: application/json\" \\\n      -d '{\"Demat_Account_Number\":\"NTElydWuGoNNTElydWuGoNN\",\"Source_CSGL_No\":\"T2Te6GvvsNrlJOwD\",\"SecurityBlock\":[{\"SecurityType\":\"5uniraqfIuBax\",\"No_of_Units\":1.319336086128703,\"Transfer_face_value\":8.034447091128616,\"Transfer_Value\":8.081934928319129,\"Price\":7.3356049397641545,\"ISIN\":\"waXKb\"},{\"SecurityType\":\"jPXPiBIGNGP9Jx\",\"No_of_Units\":2.677674804854754,\"Transfer_face_value\":3.474006177882546,\"Transfer_Value\":1.9352480373767,\"Price\":8.807288930732716,\"ISIN\":\"lj515fUI\"}],\"Src_Account_Type\":\"1dKOpHcn1uqow12XzU\",\"RESEND_Flag\":\"KWjFJcRCiF028\",\"Transfer_Reason_code\":\"pF3ER2Z3Svtk3mqWIQYHO\",\"Business_Partner_id\":\"3n6oO1LIb8vGlsshUwdHYu\",\"Setup_date_time\":\"KMaMHNN4w3cvtAXlw\",\"First_Holder_PAN\":\"jZDw8lW49hBCxas2N\",\"Remarks\":\"qEc5C8uBSE6\",\"Number_of_Holders\":9,\"Target_CSGL_No\":\"LLLLLLLLLLLLLLLL\",\"TransferRequestID\":\"igNvEtjrfNizmjXPBQqvV\",\"Settlement_date\":\"dQl65mrQ9QsivQZ8oCS\"}' \\\n      https://your-api-base-url.com/vft/transfer\n",
      "timeToExecuteInSec": 0.0,
      "httpMethod": "post",
      "switchedResult": false,
      "response": "{\"notAJson\": \"no body due to unknown error\"}\n"
    },
    {
      "scenario": "Remove the following fields from request: [Target_CSGL_No]",
      "result": "error",
      "resultReason": "Unexpected behaviour: 999",
      "id": "Test 50",
      "fuzzer": "RemoveFields",
      "path": "/vft/transfer",
      "resultDetails": "Unexpected behaviour: expected [200, 201, 202, 204], actual [999]",
      "expectedResult": "Should return [2XX] response code as required fields [were not] removed",
      "curl": "curl  -X POST \\\n      -H \"Accept: application/json\" -H \"Content-Type: application/json\" \\\n      -d '{\"Demat_Account_Number\":\"NTElydWuGoNNTElydWuGoNN\",\"Source_CSGL_No\":\"T2Te6GvvsNrlJOwD\",\"SecurityBlock\":[{\"SecurityType\":\"5uniraqfIuBax\",\"No_of_Units\":1.319336086128703,\"Transfer_face_value\":8.034447091128616,\"Transfer_Value\":8.081934928319129,\"Price\":7.3356049397641545,\"ISIN\":\"waXKb\"},{\"SecurityType\":\"jPXPiBIGNGP9Jx\",\"No_of_Units\":2.677674804854754,\"Transfer_face_value\":3.474006177882546,\"Transfer_Value\":1.9352480373767,\"Price\":8.807288930732716,\"ISIN\":\"lj515fUI\"}],\"Src_Account_Type\":\"1dKOpHcn1uqow12XzU\",\"RESEND_Flag\":\"KWjFJcRCiF028\",\"Transfer_Reason_code\":\"pF3ER2Z3Svtk3mqWIQYHO\",\"Business_Partner_id\":\"3n6oO1LIb8vGlsshUwdHYu\",\"Setup_date_time\":\"KMaMHNN4w3cvtAXlw\",\"First_Holder_PAN\":\"jZDw8lW49hBCxas2N\",\"Remarks\":\"qEc5C8uBSE6\",\"Number_of_Holders\":9,\"RDG_Account\":\"UqwAGp8UXUUqwA\",\"TransferRequestID\":\"igNvEtjrfNizmjXPBQqvV\",\"Settlement_date\":\"dQl65mrQ9QsivQZ8oCS\"}' \\\n      https://your-api-base-url.com/vft/transfer\n",
      "timeToExecuteInSec": 0.0,
      "httpMethod": "post",
      "switchedResult": false,
      "response": "{\"notAJson\": \"no body due to unknown error\"}\n"
    },
    {
      "scenario": "Remove the following fields from request: [TransferRequestID]",
      "result": "error",
      "resultReason": "Unexpected behaviour: 999",
      "id": "Test 51",
      "fuzzer": "RemoveFields",
      "path": "/vft/transfer",
      "resultDetails": "Unexpected behaviour: expected [200, 201, 202, 204], actual [999]",
      "expectedResult": "Should return [2XX] response code as required fields [were not] removed",
      "curl": "curl  -X POST \\\n      -H \"Accept: application/json\" -H \"Content-Type: application/json\" \\\n      -d '{\"Demat_Account_Number\":\"NTElydWuGoNNTElydWuGoNN\",\"Source_CSGL_No\":\"T2Te6GvvsNrlJOwD\",\"SecurityBlock\":[{\"SecurityType\":\"5uniraqfIuBax\",\"No_of_Units\":1.319336086128703,\"Transfer_face_value\":8.034447091128616,\"Transfer_Value\":8.081934928319129,\"Price\":7.3356049397641545,\"ISIN\":\"waXKb\"},{\"SecurityType\":\"jPXPiBIGNGP9Jx\",\"No_of_Units\":2.677674804854754,\"Transfer_face_value\":3.474006177882546,\"Transfer_Value\":1.9352480373767,\"Price\":8.807288930732716,\"ISIN\":\"lj515fUI\"}],\"Src_Account_Type\":\"1dKOpHcn1uqow12XzU\",\"RESEND_Flag\":\"KWjFJcRCiF028\",\"Transfer_Reason_code\":\"pF3ER2Z3Svtk3mqWIQYHO\",\"Business_Partner_id\":\"3n6oO1LIb8vGlsshUwdHYu\",\"Setup_date_time\":\"KMaMHNN4w3cvtAXlw\",\"First_Holder_PAN\":\"jZDw8lW49hBCxas2N\",\"Remarks\":\"qEc5C8uBSE6\",\"Number_of_Holders\":9,\"Target_CSGL_No\":\"LLLLLLLLLLLLLLLL\",\"RDG_Account\":\"UqwAGp8UXUUqwA\",\"Settlement_date\":\"dQl65mrQ9QsivQZ8oCS\"}' \\\n      https://your-api-base-url.com/vft/transfer\n",
      "timeToExecuteInSec": 0.0,
      "httpMethod": "post",
      "switchedResult": false,
      "response": "{\"notAJson\": \"no body due to unknown error\"}\n"
    },
    {
      "scenario": "Remove the following fields from request: [Settlement_date]",
      "result": "error",
      "resultReason": "Unexpected behaviour: 999",
      "id": "Test 52",
      "fuzzer": "RemoveFields",
      "path": "/vft/transfer",
      "resultDetails": "Unexpected behaviour: expected [200, 201, 202, 204], actual [999]",
      "expectedResult": "Should return [2XX] response code as required fields [were not] removed",
      "curl": "curl  -X POST \\\n      -H \"Accept: application/json\" -H \"Content-Type: application/json\" \\\n      -d '{\"Demat_Account_Number\":\"NTElydWuGoNNTElydWuGoNN\",\"Source_CSGL_No\":\"T2Te6GvvsNrlJOwD\",\"SecurityBlock\":[{\"SecurityType\":\"5uniraqfIuBax\",\"No_of_Units\":1.319336086128703,\"Transfer_face_value\":8.034447091128616,\"Transfer_Value\":8.081934928319129,\"Price\":7.3356049397641545,\"ISIN\":\"waXKb\"},{\"SecurityType\":\"jPXPiBIGNGP9Jx\",\"No_of_Units\":2.677674804854754,\"Transfer_face_value\":3.474006177882546,\"Transfer_Value\":1.9352480373767,\"Price\":8.807288930732716,\"ISIN\":\"lj515fUI\"}],\"Src_Account_Type\":\"1dKOpHcn1uqow12XzU\",\"RESEND_Flag\":\"KWjFJcRCiF028\",\"Transfer_Reason_code\":\"pF3ER2Z3Svtk3mqWIQYHO\",\"Business_Partner_id\":\"3n6oO1LIb8vGlsshUwdHYu\",\"Setup_date_time\":\"KMaMHNN4w3cvtAXlw\",\"First_Holder_PAN\":\"jZDw8lW49hBCxas2N\",\"Remarks\":\"qEc5C8uBSE6\",\"Number_of_Holders\":9,\"Target_CSGL_No\":\"LLLLLLLLLLLLLLLL\",\"RDG_Account\":\"UqwAGp8UXUUqwA\",\"TransferRequestID\":\"igNvEtjrfNizmjXPBQqvV\"}' \\\n      https://your-api-base-url.com/vft/transfer\n",
      "timeToExecuteInSec": 0.0,
      "httpMethod": "post",
      "switchedResult": false,
      "response": "{\"notAJson\": \"no body due to unknown error\"}\n"
    },
    {
      "scenario": "Send [strings in numeric fields] in request fields: field [Number_of_Holders], value [REPLACE with fuzzoPTM], is required [FALSE]",
      "result": "error",
      "resultReason": "Unexpected behaviour: 999",
      "id": "Test 53",
      "fuzzer": "StringsInNumericFields",
      "path": "/vft/transfer",
      "resultDetails": "Unexpected behaviour: expected [400, 413, 414, 422, 431], actual [999]",
      "expectedResult": "Should return [4XX]",
      "curl": "curl  -X POST \\\n      -H \"Accept: application/json\" -H \"Content-Type: application/json\" \\\n      -d '{\"Demat_Account_Number\":\"NTElydWuGoNNTElydWuGoNN\",\"Source_CSGL_No\":\"T2Te6GvvsNrlJOwD\",\"SecurityBlock\":[{\"SecurityType\":\"5uniraqfIuBax\",\"No_of_Units\":1.319336086128703,\"Transfer_face_value\":8.034447091128616,\"Transfer_Value\":8.081934928319129,\"Price\":7.3356049397641545,\"ISIN\":\"waXKb\"},{\"SecurityType\":\"jPXPiBIGNGP9Jx\",\"No_of_Units\":2.677674804854754,\"Transfer_face_value\":3.474006177882546,\"Transfer_Value\":1.9352480373767,\"Price\":8.807288930732716,\"ISIN\":\"lj515fUI\"}],\"Src_Account_Type\":\"1dKOpHcn1uqow12XzU\",\"RESEND_Flag\":\"KWjFJcRCiF028\",\"Transfer_Reason_code\":\"pF3ER2Z3Svtk3mqWIQYHO\",\"Business_Partner_id\":\"3n6oO1LIb8vGlsshUwdHYu\",\"Setup_date_time\":\"KMaMHNN4w3cvtAXlw\",\"First_Holder_PAN\":\"jZDw8lW49hBCxas2N\",\"Remarks\":\"qEc5C8uBSE6\",\"Number_of_Holders\":\"fuzzoPTM\",\"Target_CSGL_No\":\"LLLLLLLLLLLLLLLL\",\"RDG_Account\":\"UqwAGp8UXUUqwA\",\"TransferRequestID\":\"igNvEtjrfNizmjXPBQqvV\",\"Settlement_date\":\"dQl65mrQ9QsivQZ8oCS\"}' \\\n      https://your-api-base-url.com/vft/transfer\n",
      "timeToExecuteInSec": 0.0,
      "httpMethod": "post",
      "switchedResult": false,
      "response": "{\"notAJson\": \"no body due to unknown error\"}\n"
    }
  ],
  "totalTests": 51,
  "success": 0,
  "warnings": 0,
  "errors": 51,
  "executionTime": "0",
  "timestamp": "Thu, 19 Feb 2026 14:30:20 +0530",
  "catsVersion": "11.8.0"
}